Folder name,Folder color,Latitude,Longitude,Title,Description,Color,Phone number,Timestamp,Pin icon code
BEBERIBE/ITAPEIM/CAIXAS/AGILITY ,00ff00,-4.230094604922666,-38.14042244106531,0,AGILITY ,00ff00,,2026-07-06T14:27:31Z,-1
BEBERIBE/ITAPEIM/CAIXAS/AGILITY ,00ff00,-4.215876699970669,-38.12270309776068,0,AGILITY ,00ff00,,2026-07-06T14:08:12Z,-1
BEBERIBE/ITAPEIM/CAIXAS/AGILITY ,00ff00,-4.224003494013402,-38.1353822350502,1,AGILITY,00ff00,,2026-07-06T14:14:51Z,-1
BEBERIBE/ITAPEIM/CAIXAS/AGILITY ,00ff00,-4.228928012264641,-38.14020048826933,1,AGILITY ,00ff00,,2026-07-06T14:27:04Z,-1
BEBERIBE/ITAPEIM/CAIXAS/AGILITY ,00ff00,-4.21600175393599,-38.11994981020689,1,AGILITY ,00ff00,,2026-07-06T14:05:19Z,-1
BEBERIBE/ITAPEIM/CAIXAS/AGILITY ,00ff00,-4.215164493848763,-38.121287897229195,1,AGILITY ,00ff00,,2026-07-06T14:07:14Z,-1
BEBERIBE/ITAPEIM/CAIXAS/AGILITY ,00ff00,-4.234126340967912,-38.14065009355545,1,AGILITY ,00ff00,,2026-07-06T14:34:29Z,-1
BEBERIBE/ITAPEIM/CAIXAS/AGILITY ,00ff00,-4.232113484826785,-38.141063153743744,1,AGILITY ,00ff00,,2026-07-06T14:30:59Z,-1
BEBERIBE/ITAPEIM/CAIXAS/AGILITY ,00ff00,-4.2198536737054955,-38.12921416014433,1,AGILITY ,00ff00,,2026-07-06T14:11:19Z,-1
BEBERIBE/ITAPEIM/CAIXAS/AGILITY ,00ff00,-4.2186756971436,-38.12602233141661,2,AGILITY,00ff00,,2026-07-06T14:10:04Z,-1
BEBERIBE/ITAPEIM/CAIXAS/AGILITY ,00ff00,-4.226916480071344,-38.14080700278282,2,AGILITY ,00ff00,,2026-07-06T14:25:51Z,-1
BEBERIBE/ITAPEIM/CAIXAS/AGILITY ,00ff00,-4.231103376807859,-38.14111512154341,2,AGILITY ,00ff00,,2026-07-06T14:28:20Z,-1
BEBERIBE/ITAPEIM/CAIXAS/AGILITY ,00ff00,-4.221631502107085,-38.13026625663042,2,AGILITY ,00ff00,,2026-07-06T14:12:30Z,-1
BEBERIBE/ITAPEIM/CAIXAS/AGILITY ,00ff00,-4.223346800053025,-38.13122481107712,2,AGILITY ,00ff00,,2026-07-06T14:12:51Z,-1
BEBERIBE/ITAPEIM/CAIXAS/AGILITY ,00ff00,-4.224153624071902,-38.13780762255192,2,AGILITY ,00ff00,,2026-07-06T14:15:36Z,-1
BEBERIBE/ITAPEIM/CAIXAS/AGILITY ,00ff00,-4.223277586349668,-38.14052168279886,2,AGILITY ,00ff00,,2026-07-06T14:17:37Z,-1
BEBERIBE/ITAPEIM/CAIXAS/AGILITY ,00ff00,-4.217194446759912,-38.11569146811962,3,AGILITY ,00ff00,,2026-07-06T14:04:16Z,-1
BEBERIBE/ITAPEIM/CAIXAS/AGILITY ,00ff00,-4.222163478932143,-38.141386695206165,3,AGILITY ,00ff00,,2026-07-06T14:19:19Z,-1
BEBERIBE/ITAPEIM/CAIXAS/AGILITY ,00ff00,-4.221728134002461,-38.14227852970362,3,AGILITY ,00ff00,,2026-07-06T14:19:46Z,-1
BEBERIBE/ITAPEIM/CAIXAS/AGILITY ,00ff00,-4.220886198952674,-38.12984112650156,5,AGILITY ,00ff00,,2026-07-06T14:11:31Z,-1
BEBERIBE/ITAPEIM/CAIXAS/AGILITY ,00ff00,-4.21888367383364,-38.126983903348446,5,AGILITY ,00ff00,,2026-07-06T14:10:36Z,-1
BEBERIBE/ITAPEIM/CAIXAS/AGILITY ,00ff00,-4.225919071132125,-38.14209345728159,6,AGILITY ,00ff00,,2026-07-06T14:23:16Z,-1
BEBERIBE/ITAPEIM/CAIXAS/AGILITY ,00ff00,-4.223731989245861,-38.13882652670145,7,AGILITY ,00ff00,,2026-07-06T14:16:27Z,-1
BEBERIBE/ITAPEIM/CAIXAS/AGILITY ,00ff00,-4.225670638199767,-38.14324747771025,7,AGILITY ,00ff00,,2026-07-06T14:23:37Z,-1
BEBERIBE/ITAPEIM/CAIXAS/AGILITY ,00ff00,-4.2315504191489035,-38.13894420862198,7,AGILITY ,00ff00,,2026-07-06T14:36:29Z,-1
BEBERIBE/ITAPEIM/CAIXAS/BITWAVE ,ff5722,-4.3549291599933335,-38.19339405745268,0,BITWAVE,ff5722,,2026-07-07T17:27:19Z,-1
BEBERIBE/ITAPEIM/CAIXAS/BITWAVE ,ff5722,-4.24014448210507,-38.12129024416208,0,BITWAVE ,ff5722,,2026-07-06T16:36:37Z,-1
BEBERIBE/ITAPEIM/CAIXAS/BITWAVE ,ff5722,-4.246798520928269,-38.124818690121174,0,BITWAVE ,ff5722,,2026-07-06T16:37:29Z,-1
BEBERIBE/ITAPEIM/CAIXAS/BITWAVE ,ff5722,-4.360873469101193,-38.20556692779064,0,BITWAVE ,ff5722,,2026-07-07T17:42:34Z,-1
BEBERIBE/ITAPEIM/CAIXAS/BITWAVE ,ff5722,-4.355514198967937,-38.11776950955391,0,BITWAVE ,ff5722,,2026-07-07T16:55:53Z,-1
BEBERIBE/ITAPEIM/CAIXAS/BITWAVE ,ff5722,-4.34940336086893,-38.21378655731678,0,BITWAVE ,ff5722,,2026-07-07T18:18:07Z,-1
BEBERIBE/ITAPEIM/CAIXAS/BITWAVE ,ff5722,-4.262297417401341,-38.1249400600791,1,BITWAVE ,ff5722,,2026-07-06T16:39:20Z,-1
BEBERIBE/ITAPEIM/CAIXAS/BITWAVE ,ff5722,-4.353930915298336,-38.11709459871054,1,BITWAVE ,ff5722,,2026-07-07T16:48:32Z,-1
BEBERIBE/ITAPEIM/CAIXAS/BITWAVE ,ff5722,-4.357015908355756,-38.1830008327961,1,BITWAVE ,ff5722,,2026-07-07T17:23:15Z,-1
BEBERIBE/ITAPEIM/CAIXAS/BITWAVE ,ff5722,-4.356657865272162,-38.11371769756079,1,BITWAVE ,ff5722,,2026-07-07T16:42:35Z,-1
BEBERIBE/ITAPEIM/CAIXAS/BITWAVE ,ff5722,-4.351746540004158,-38.22757311165333,1,BITWAVE ,ff5722,,2026-07-07T18:22:05Z,-1
BEBERIBE/ITAPEIM/CAIXAS/BITWAVE ,ff5722,-4.3576788392173675,-38.117845952510834,1,BITWAVE ,ff5722,,2026-07-07T16:52:11Z,-1
BEBERIBE/ITAPEIM/CAIXAS/BITWAVE ,ff5722,-4.356485028353808,-38.1172089278698,1,BITWAVE ,ff5722,,2026-07-07T16:45:22Z,-1
BEBERIBE/ITAPEIM/CAIXAS/BITWAVE ,ff5722,-4.355210313065915,-38.20076543837786,1,BITWAVE ,ff5722,,2026-07-07T17:34:33Z,-1
BEBERIBE/ITAPEIM/CAIXAS/BITWAVE ,ff5722,-4.342195924846321,-38.20226076990366,1,BITWAVE ,ff5722,,2026-07-07T18:46:47Z,-1
BEBERIBE/ITAPEIM/CAIXAS/BITWAVE ,ff5722,-4.342271145439738,-38.19924261420965,1,BITWAVE ,ff5722,,2026-07-07T18:12:56Z,-1
BEBERIBE/ITAPEIM/CAIXAS/BITWAVE ,ff5722,-4.355255110335311,-38.234970308840275,1,BITWAVE ,ff5722,,2026-07-08T12:34:47Z,-1
BEBERIBE/ITAPEIM/CAIXAS/BITWAVE ,ff5722,-4.356177799768394,-38.11559323221445,2,BITWAVE ,ff5722,,2026-07-07T16:41:40Z,-1
BEBERIBE/ITAPEIM/CAIXAS/BITWAVE ,ff5722,-4.3594222476443365,-38.11758141964674,2,BITWAVE ,ff5722,,2026-07-07T16:53:42Z,-1
BEBERIBE/ITAPEIM/CAIXAS/BITWAVE ,ff5722,-4.358648997195727,-38.19915108382702,2,BITWAVE ,ff5722,,2026-07-07T17:38:13Z,-1
BEBERIBE/ITAPEIM/CAIXAS/BITWAVE ,ff5722,-4.344006566025796,-38.19779422134161,2,BITWAVE ,ff5722,,2026-07-07T18:08:08Z,-1
BEBERIBE/ITAPEIM/CAIXAS/BITWAVE ,ff5722,-4.348647484292594,-38.24085809290409,2,BITWAVE ,ff5722,,2026-07-07T18:25:26Z,-1
BEBERIBE/ITAPEIM/CAIXAS/BITWAVE ,ff5722,-4.3432132409478985,-38.20036981254816,2,BITWAVE ,ff5722,,2026-07-07T18:47:33Z,-1
BEBERIBE/ITAPEIM/CAIXAS/BITWAVE ,ff5722,-4.356490711579988,-38.19871757179499,3,BITWAVE,ff5722,,2026-07-07T17:37:04Z,-1
BEBERIBE/ITAPEIM/CAIXAS/BITWAVE ,ff5722,-4.354749302205717,-38.11690919101238,3,BITWAVE ,ff5722,,2026-07-07T16:46:43Z,-1
BEBERIBE/ITAPEIM/CAIXAS/BITWAVE ,ff5722,-4.350841897874876,-38.1993143633008,3,BITWAVE ,ff5722,,2026-07-07T17:32:26Z,-1
BEBERIBE/ITAPEIM/CAIXAS/BITWAVE ,ff5722,-4.350857944751391,-38.249432779848576,3,BITWAVE ,ff5722,,2026-07-07T18:27:37Z,-1
BEBERIBE/ITAPEIM/CAIXAS/BITWAVE ,ff5722,-4.3596248371245085,-38.234259858727455,3,BITWAVE ,ff5722,,2026-07-08T12:39:26Z,-1
BEBERIBE/ITAPEIM/CAIXAS/BITWAVE ,ff5722,-4.355424938765223,-38.192285634577274,4,BITWAVE,ff5722,,2026-07-07T17:26:37Z,-1
BEBERIBE/ITAPEIM/CAIXAS/BITWAVE ,ff5722,-4.359160820214616,-38.20255246013403,4,BITWAVE ,ff5722,,2026-07-07T17:41:06Z,-1
BEBERIBE/ITAPEIM/CAIXAS/BITWAVE ,ff5722,-4.361800497604066,-38.208213932812214,4,BITWAVE ,ff5722,,2026-07-07T17:43:21Z,-1
BEBERIBE/ITAPEIM/CAIXAS/BITWAVE ,ff5722,-4.402383029270455,-38.21138195693493,4,BITWAVE ,ff5722,,2026-07-08T13:15:44Z,-1
BEBERIBE/ITAPEIM/CAIXAS/BITWAVE ,ff5722,-4.353698905122633,-38.236394226551056,4,BITWAVE ,ff5722,,2026-07-08T12:35:48Z,-1
BEBERIBE/ITAPEIM/CAIXAS/BITWAVE ,ff5722,-4.351844826999315,-38.22671715170145,5,BITWAVE ,ff5722,,2026-07-07T18:21:43Z,-1
BEBERIBE/ITAPEIM/CAIXAS/BITWAVE ,ff5722,-4.350878671966368,-38.19576010107994,5,BITWAVE ,ff5722,,2026-07-07T17:52:46Z,-1
BEBERIBE/ITAPEIM/CAIXAS/BITWAVE ,ff5722,-4.353893472738802,-38.19623317569494,5,BITWAVE ,ff5722,,2026-07-07T17:28:40Z,-1
BEBERIBE/ITAPEIM/CAIXAS/BITWAVE ,ff5722,-4.402316840458346,-38.21047201752663,5,BITWAVE ,ff5722,,2026-07-08T13:14:55Z,-1
BEBERIBE/ITAPEIM/CAIXAS/BITWAVE ,ff5722,-4.402200174305519,-38.20957716554403,5,BITWAVE ,ff5722,,2026-07-08T13:14:30Z,-1
BEBERIBE/ITAPEIM/CAIXAS/BITWAVE ,ff5722,-4.402126296875496,-38.20865046232939,5,BITWAVE ,ff5722,,2026-07-08T13:13:46Z,-1
BEBERIBE/ITAPEIM/CAIXAS/BITWAVE ,ff5722,-4.352112608849577,-38.22512995451689,6,BITWAVE ,ff5722,,2026-07-07T18:20:50Z,-1
BEBERIBE/ITAPEIM/CAIXAS/BITWAVE ,ff5722,-4.357697560403162,-38.23647033423185,6,BITWAVE ,ff5722,,2026-07-08T12:37:46Z,-1
BEBERIBE/ITAPEIM/CAIXAS/BITWAVE ,ff5722,-4.402484318198778,-38.21231435984373,6,BITWAVE ,ff5722,,2026-07-08T13:16:21Z,-1
BEBERIBE/ITAPEIM/CAIXAS/BITWAVE ,ff5722,-4.357088787319209,-38.188289143145084,8,BITWAVE ,ff5722,,2026-07-07T17:25:42Z,-1
BEBERIBE/ITAPEIM/CAIXAS/CX SEM ID /FIBRA ,607d8b,-4.344642429013005,-38.12475197017193,,CX CEO SEM ID,607d8b,,2026-07-07T12:48:37Z,-1
BEBERIBE/ITAPEIM/CAIXAS/CX SEM ID /FIBRA ,607d8b,-4.225612793104497,-38.11331268399954,0,SEM ID,607d8b,,2026-07-06T16:32:02Z,-1
BEBERIBE/ITAPEIM/CAIXAS/CX SEM ID /FIBRA ,607d8b,-4.30095251798834,-38.09217184782028,0,SEM ID,607d8b,,2026-07-06T17:06:37Z,-1
BEBERIBE/ITAPEIM/CAIXAS/CX SEM ID /FIBRA ,607d8b,-4.300541289577177,-38.093456625938416,0,SEM ID ,607d8b,,2026-07-06T17:14:41Z,-1
BEBERIBE/ITAPEIM/CAIXAS/CX SEM ID /FIBRA ,607d8b,-4.2266128773520695,-38.11287045478821,0,SEM ID ,607d8b,,2026-07-06T16:33:02Z,-1
BEBERIBE/ITAPEIM/CAIXAS/CX SEM ID /FIBRA ,607d8b,-4.2267967776918205,-38.11201114207506,0,SEM ID ,607d8b,,2026-07-06T14:48:18Z,-1
BEBERIBE/ITAPEIM/CAIXAS/CX SEM ID /FIBRA ,607d8b,-4.224417438291391,-38.11290364712477,0,SEM ID ,607d8b,,2026-07-06T14:46:56Z,-1
BEBERIBE/ITAPEIM/CAIXAS/CX SEM ID /FIBRA ,607d8b,-4.2261507857604075,-38.112258575856686,0,SEM ID ,607d8b,,2026-07-06T14:47:53Z,-1
BEBERIBE/ITAPEIM/CAIXAS/CX SEM ID /FIBRA ,607d8b,-4.226830214112538,-38.112088926136494,0,SEM ID ,607d8b,,2026-07-06T14:48:31Z,-1
BEBERIBE/ITAPEIM/CAIXAS/CX SEM ID /FIBRA ,607d8b,-4.224017202995452,-38.13543487340212,0,SEM ID ,607d8b,,2026-07-06T14:14:58Z,-1
BEBERIBE/ITAPEIM/CAIXAS/CX SEM ID /FIBRA ,607d8b,-4.3028234372905745,-38.09857629239559,0,SEM ID ,607d8b,,2026-07-06T17:00:12Z,-1
BEBERIBE/ITAPEIM/CAIXAS/CX SEM ID /FIBRA ,607d8b,-4.345375910678277,-38.1629878655076,0,SEM ID ,607d8b,,2026-07-06T18:50:11Z,-1
BEBERIBE/ITAPEIM/CAIXAS/CX SEM ID /FIBRA ,607d8b,-4.3705385124010085,-38.04654277861118,0,SEM ID ,607d8b,,2026-07-07T13:20:28Z,-1
BEBERIBE/ITAPEIM/CAIXAS/CX SEM ID /FIBRA ,607d8b,-4.365134514564923,-38.05978249758482,0,SEM ID ,607d8b,,2026-07-07T13:13:41Z,-1
BEBERIBE/ITAPEIM/CAIXAS/CX SEM ID /FIBRA ,607d8b,-4.350782056394896,-38.182154931128025,0,SEM ID ,607d8b,,2026-07-07T17:21:27Z,-1
BEBERIBE/ITAPEIM/CAIXAS/CX SEM ID /FIBRA ,607d8b,-4.3663737768960695,-38.0525754019618,0,SEM ID ,607d8b,,2026-07-07T13:18:17Z,-1
BEBERIBE/ITAPEIM/CAIXAS/CX SEM ID /FIBRA ,607d8b,-4.366367759441619,-38.0525616556406,0,SEM ID ,607d8b,,2026-07-07T13:18:09Z,-1
BEBERIBE/ITAPEIM/CAIXAS/CX SEM ID /FIBRA ,607d8b,-4.385594282704648,-38.05687263607979,0,SEM ID ,607d8b,,2026-07-07T14:28:01Z,-1
BEBERIBE/ITAPEIM/CAIXAS/CX SEM ID /FIBRA ,607d8b,-4.365642321524286,-38.05798038840294,0,SEM ID ,607d8b,,2026-07-07T13:16:18Z,-1
BEBERIBE/ITAPEIM/CAIXAS/CX SEM ID /FIBRA ,607d8b,-4.243676971038328,-38.10590274631977,0,SEM ID ,607d8b,,2026-07-08T16:50:29Z,-1
BEBERIBE/ITAPEIM/CAIXAS/CX SEM ID /FIBRA ,607d8b,-4.227424379068261,-38.111709393560886,0,SEM ID ,607d8b,,2026-07-08T16:47:28Z,-1
BEBERIBE/ITAPEIM/CAIXAS/CX SEM ID /FIBRA ,607d8b,-4.227416354333565,-38.111697658896446,0,SEM ID ,607d8b,,2026-07-08T16:47:18Z,-1
BEBERIBE/ITAPEIM/CAIXAS/CX SEM ID /FIBRA ,607d8b,-4.30060615000799,-38.09785142540932,1,SEM ID ,607d8b,,2026-07-06T16:58:14Z,-1
BEBERIBE/ITAPEIM/CAIXAS/CX SEM ID /FIBRA ,607d8b,-4.2241325590543095,-38.137789852917194,1,SEM ID ,607d8b,,2026-07-06T14:15:45Z,-1
BEBERIBE/ITAPEIM/CAIXAS/CX SEM ID /FIBRA ,607d8b,-4.303656255680315,-38.098602779209614,1,SEM ID ,607d8b,,2026-07-06T17:00:32Z,-1
BEBERIBE/ITAPEIM/CAIXAS/CX SEM ID /FIBRA ,607d8b,-4.3385281596172725,-38.13993662595749,1,SEM ID ,607d8b,,2026-07-06T18:39:37Z,-1
BEBERIBE/ITAPEIM/CAIXAS/CX SEM ID /FIBRA ,607d8b,-4.352895226669958,-38.22281487286091,1,SEM ID ,607d8b,,2026-07-07T18:20:13Z,-1
BEBERIBE/ITAPEIM/CAIXAS/CX SEM ID /FIBRA ,607d8b,-4.365464806424816,-38.05657625198364,1,SEM ID ,607d8b,,2026-07-07T13:17:03Z,-1
BEBERIBE/ITAPEIM/CAIXAS/CX SEM ID /FIBRA ,607d8b,-4.374854996639955,-38.02708435803652,1,SEM ID ,607d8b,,2026-07-07T13:53:40Z,-1
BEBERIBE/ITAPEIM/CAIXAS/CX SEM ID /FIBRA ,607d8b,-4.35158841158028,-38.17476645112038,1,SEM ID ,607d8b,,2026-07-07T17:14:57Z,-1
BEBERIBE/ITAPEIM/CAIXAS/CX SEM ID /FIBRA ,607d8b,-4.233396764811875,-38.163729161024094,1,SEM ID ,607d8b,,2026-07-08T16:21:53Z,-1
BEBERIBE/ITAPEIM/CAIXAS/CX SEM ID /FIBRA ,607d8b,-4.402175102780317,-38.209561072289944,1,SEM ID ,607d8b,,2026-07-08T13:14:21Z,-1
BEBERIBE/ITAPEIM/CAIXAS/CX SEM ID /FIBRA ,607d8b,-4.402604661462053,-38.20402164012194,1,SEM ID ,607d8b,,2026-07-08T13:09:25Z,-1
BEBERIBE/ITAPEIM/CAIXAS/CX SEM ID /FIBRA ,607d8b,-4.398041632447734,-38.20408534258604,1,SEM ID ,607d8b,,2026-07-08T13:07:02Z,-1
BEBERIBE/ITAPEIM/CAIXAS/CX SEM ID /FIBRA ,607d8b,-4.2899696342878855,-38.09506896883249,2,CX CEO SEM ID ,607d8b,,2026-07-06T17:19:49Z,-1
BEBERIBE/ITAPEIM/CAIXAS/CX SEM ID /FIBRA ,607d8b,-4.343965779843232,-38.16394675523043,2,SEM ID ,607d8b,,2026-07-06T18:54:21Z,-1
BEBERIBE/ITAPEIM/CAIXAS/CX SEM ID /FIBRA ,607d8b,-4.345144900805062,-38.16342540085316,2,SEM ID ,607d8b,,2026-07-06T18:49:00Z,-1
BEBERIBE/ITAPEIM/CAIXAS/CX SEM ID /FIBRA ,607d8b,-4.371306067487789,-38.01381915807724,2,SEM ID ,607d8b,,2026-07-07T14:00:14Z,-1
BEBERIBE/ITAPEIM/CAIXAS/CX SEM ID /FIBRA ,607d8b,-4.345373236179425,-38.198045678436756,2,SEM ID ,607d8b,,2026-07-07T18:08:57Z,-1
BEBERIBE/ITAPEIM/CAIXAS/CX SEM ID /FIBRA ,607d8b,-4.3638802065018325,-38.06470971554518,2,SEM ID ,607d8b,,2026-07-07T13:12:19Z,-1
BEBERIBE/ITAPEIM/CAIXAS/CX SEM ID /FIBRA ,607d8b,-4.360054085941685,-38.096725568175316,2,SEM ID ,607d8b,,2026-07-07T16:35:22Z,-1
BEBERIBE/ITAPEIM/CAIXAS/CX SEM ID /FIBRA ,607d8b,-4.379227617947149,-38.064472675323486,2,SEM ID ,607d8b,,2026-07-07T14:33:34Z,-1
BEBERIBE/ITAPEIM/CAIXAS/CX SEM ID /FIBRA ,607d8b,-4.36513418026135,-38.08385666459799,2,SEM ID ,607d8b,,2026-07-07T16:17:48Z,-1
BEBERIBE/ITAPEIM/CAIXAS/CX SEM ID /FIBRA ,607d8b,-4.373953725343105,-38.021803088486195,2,SEM ID ,607d8b,,2026-07-07T13:55:42Z,-1
BEBERIBE/ITAPEIM/CAIXAS/CX SEM ID /FIBRA ,607d8b,-4.397544544741083,-38.204117864370346,2,SEM ID ,607d8b,,2026-07-08T13:06:43Z,-1
BEBERIBE/ITAPEIM/CAIXAS/CX SEM ID /FIBRA ,607d8b,-4.396666701081301,-38.20412691682577,2,SEM ID ,607d8b,,2026-07-08T13:06:10Z,-1
BEBERIBE/ITAPEIM/CAIXAS/CX SEM ID /FIBRA ,607d8b,-4.242872507870792,-38.10419451445341,2,SEM ID ,607d8b,,2026-07-08T17:02:16Z,-1
BEBERIBE/ITAPEIM/CAIXAS/CX SEM ID /FIBRA ,607d8b,-4.226899761863015,-38.1408116966486,3,SEM ID ,607d8b,,2026-07-06T14:26:11Z,-1
BEBERIBE/ITAPEIM/CAIXAS/CX SEM ID /FIBRA ,607d8b,-4.232108469397958,-38.141053430736065,3,SEM ID ,607d8b,,2026-07-06T14:31:11Z,-1
BEBERIBE/ITAPEIM/CAIXAS/CX SEM ID /FIBRA ,607d8b,-4.231547075527272,-38.14112987369299,3,SEM ID ,607d8b,,2026-07-06T14:28:39Z,-1
BEBERIBE/ITAPEIM/CAIXAS/CX SEM ID /FIBRA ,607d8b,-4.2245632215224855,-38.117866069078445,3,SEM ID ,607d8b,,2026-07-06T16:22:46Z,-1
BEBERIBE/ITAPEIM/CAIXAS/CX SEM ID /FIBRA ,607d8b,-4.23111608257729,-38.14112350344658,3,SEM ID ,607d8b,,2026-07-06T14:28:11Z,-1
BEBERIBE/ITAPEIM/CAIXAS/CX SEM ID /FIBRA ,607d8b,-4.345830575345036,-38.16164843738079,3,SEM ID ,607d8b,,2026-07-06T18:52:02Z,-1
BEBERIBE/ITAPEIM/CAIXAS/CX SEM ID /FIBRA ,607d8b,-4.3401596169555265,-38.163702338933945,3,SEM ID ,607d8b,,2026-07-07T19:08:12Z,-1
BEBERIBE/ITAPEIM/CAIXAS/CX SEM ID /FIBRA ,607d8b,-4.350591499695094,-38.175314627587795,3,SEM ID ,607d8b,,2026-07-07T17:13:30Z,-1
BEBERIBE/ITAPEIM/CAIXAS/CX SEM ID /FIBRA ,607d8b,-4.362624893429199,-38.09058967977762,3,SEM ID ,607d8b,,2026-07-07T16:26:19Z,-1
BEBERIBE/ITAPEIM/CAIXAS/CX SEM ID /FIBRA ,607d8b,-4.382455251303979,-38.05891714990139,3,SEM ID ,607d8b,,2026-07-07T14:31:03Z,-1
BEBERIBE/ITAPEIM/CAIXAS/CX SEM ID /FIBRA ,607d8b,-4.370085868484068,-38.0820756778121,3,SEM ID ,607d8b,,2026-07-07T14:45:20Z,-1
BEBERIBE/ITAPEIM/CAIXAS/CX SEM ID /FIBRA ,607d8b,-4.373483699896784,-38.02186645567417,3,SEM ID ,607d8b,,2026-07-07T13:56:05Z,-1
BEBERIBE/ITAPEIM/CAIXAS/CX SEM ID /FIBRA ,607d8b,-4.372016122103354,-38.01073260605335,3,SEM ID ,607d8b,,2026-07-07T14:01:23Z,-1
BEBERIBE/ITAPEIM/CAIXAS/CX SEM ID /FIBRA ,607d8b,-4.365948543329771,-38.08145742863417,3,SEM ID ,607d8b,,2026-07-07T16:15:13Z,-1
BEBERIBE/ITAPEIM/CAIXAS/CX SEM ID /FIBRA ,607d8b,-4.375256489921157,-38.02583009004593,3,SEM ID ,607d8b,,2026-07-07T13:53:59Z,-1
BEBERIBE/ITAPEIM/CAIXAS/CX SEM ID /FIBRA ,607d8b,-4.365594516143814,-38.057576045393944,3,SEM ID ,607d8b,,2026-07-07T13:16:34Z,-1
BEBERIBE/ITAPEIM/CAIXAS/CX SEM ID /FIBRA ,607d8b,-4.374661103054885,-38.02944839000702,3,SEM ID ,607d8b,,2026-07-07T13:52:54Z,-1
BEBERIBE/ITAPEIM/CAIXAS/CX SEM ID /FIBRA ,607d8b,-4.364212839041505,-38.088875748217106,3,SEM ID ,607d8b,,2026-07-07T16:25:16Z,-1
BEBERIBE/ITAPEIM/CAIXAS/CX SEM ID /FIBRA ,607d8b,-4.364514381176256,-38.06188400834799,3,SEM ID ,607d8b,,2026-07-07T13:13:06Z,-1
BEBERIBE/ITAPEIM/CAIXAS/CX SEM ID /FIBRA ,607d8b,-4.373053455862,-38.02075535058975,3,SEM ID ,607d8b,,2026-07-07T13:56:31Z,-1
BEBERIBE/ITAPEIM/CAIXAS/CX SEM ID /FIBRA ,607d8b,-4.364269002109045,-38.057745695114136,3,SEM ID ,607d8b,,2026-07-07T13:15:25Z,-1
BEBERIBE/ITAPEIM/CAIXAS/CX SEM ID /FIBRA ,607d8b,-4.368627310192665,-38.081301525235176,3,SEM ID ,607d8b,,2026-07-07T14:39:41Z,-1
BEBERIBE/ITAPEIM/CAIXAS/CX SEM ID /FIBRA ,607d8b,-4.342011383625386,-38.20370011031628,3,SEM ID ,607d8b,,2026-07-07T18:46:22Z,-1
BEBERIBE/ITAPEIM/CAIXAS/CX SEM ID /FIBRA ,607d8b,-4.40240241791126,-38.21138061583042,3,SEM ID ,607d8b,,2026-07-08T13:15:36Z,-1
BEBERIBE/ITAPEIM/CAIXAS/CX SEM ID /FIBRA ,607d8b,-4.244460703260033,-38.101332262158394,3,SEM ID ,607d8b,,2026-07-08T17:03:08Z,-1
BEBERIBE/ITAPEIM/CAIXAS/CX SEM ID /FIBRA ,607d8b,-4.289422324807422,-38.126639910042286,4,SEM ID ,607d8b,,2026-07-06T17:31:26Z,-1
BEBERIBE/ITAPEIM/CAIXAS/CX SEM ID /FIBRA ,607d8b,-4.226156135592283,-38.14043316990137,4,SEM ID ,607d8b,,2026-07-06T14:25:17Z,-1
BEBERIBE/ITAPEIM/CAIXAS/CX SEM ID /FIBRA ,607d8b,-4.227741021658296,-38.112459406256676,4,SEM ID ,607d8b,,2026-07-06T16:11:25Z,-1
BEBERIBE/ITAPEIM/CAIXAS/CX SEM ID /FIBRA ,607d8b,-4.345360532309764,-38.16297713667154,4,SEM ID ,607d8b,,2026-07-06T18:50:02Z,-1
BEBERIBE/ITAPEIM/CAIXAS/CX SEM ID /FIBRA ,607d8b,-4.3448413450319325,-38.162910751998425,4,SEM ID ,607d8b,,2026-07-06T18:47:35Z,-1
BEBERIBE/ITAPEIM/CAIXAS/CX SEM ID /FIBRA ,607d8b,-4.3448680900388785,-38.15844990313053,4,SEM ID ,607d8b,,2026-07-07T19:13:19Z,-1
BEBERIBE/ITAPEIM/CAIXAS/CX SEM ID /FIBRA ,607d8b,-4.344549824394705,-38.1962475925684,4,SEM ID ,607d8b,,2026-07-07T18:07:14Z,-1
BEBERIBE/ITAPEIM/CAIXAS/CX SEM ID /FIBRA ,607d8b,-4.3592540916481894,-38.0960114300251,4,SEM ID ,607d8b,,2026-07-07T16:34:00Z,-1
BEBERIBE/ITAPEIM/CAIXAS/CX SEM ID /FIBRA ,607d8b,-4.3748539937422235,-38.021994195878506,4,SEM ID ,607d8b,,2026-07-07T13:55:20Z,-1
BEBERIBE/ITAPEIM/CAIXAS/CX SEM ID /FIBRA ,607d8b,-4.374601932071531,-38.02899241447449,4,SEM ID ,607d8b,,2026-07-07T13:53:08Z,-1
BEBERIBE/ITAPEIM/CAIXAS/CX SEM ID /FIBRA ,607d8b,-4.372951160041158,-38.01880203187466,4,SEM ID ,607d8b,,2026-07-07T13:57:13Z,-1
BEBERIBE/ITAPEIM/CAIXAS/CX SEM ID /FIBRA ,607d8b,-4.23333591104093,-38.162322007119656,4,SEM ID ,607d8b,,2026-07-08T16:22:32Z,-1
BEBERIBE/ITAPEIM/CAIXAS/CX SEM ID /FIBRA ,607d8b,-4.3633015258228065,-38.232952281832695,4,SEM ID ,607d8b,,2026-07-08T12:40:23Z,-1
BEBERIBE/ITAPEIM/CAIXAS/CX SEM ID /FIBRA ,607d8b,-4.408589039958071,-38.20402164012194,4,SEM ID ,607d8b,,2026-07-08T13:20:36Z,-1
BEBERIBE/ITAPEIM/CAIXAS/CX SEM ID /FIBRA ,607d8b,-4.392732437798054,-38.20193488150835,4,SEM ID ,607d8b,,2026-07-08T12:58:17Z,-1
BEBERIBE/ITAPEIM/CAIXAS/CX SEM ID /FIBRA ,607d8b,-4.2277236347401255,-38.11244364827871,5,SEM ID ,607d8b,,2026-07-06T16:11:52Z,-1
BEBERIBE/ITAPEIM/CAIXAS/CX SEM ID /FIBRA ,607d8b,-4.34559622248854,-38.15782193094492,5,SEM ID ,607d8b,,2026-07-07T19:13:54Z,-1
BEBERIBE/ITAPEIM/CAIXAS/CX SEM ID /FIBRA ,607d8b,-4.38384257777676,-38.058503083884716,5,SEM ID ,607d8b,,2026-07-07T14:29:28Z,-1
BEBERIBE/ITAPEIM/CAIXAS/CX SEM ID /FIBRA ,607d8b,-4.371466866167279,-38.013332672417164,5,SEM ID ,607d8b,,2026-07-07T14:00:23Z,-1
BEBERIBE/ITAPEIM/CAIXAS/CX SEM ID /FIBRA ,607d8b,-4.3641677080020544,-38.087543696165085,5,SEM ID ,607d8b,,2026-07-07T16:23:42Z,-1
BEBERIBE/ITAPEIM/CAIXAS/CX SEM ID /FIBRA ,607d8b,-4.360981784066429,-38.09501565992832,5,SEM ID ,607d8b,,2026-07-07T16:28:40Z,-1
BEBERIBE/ITAPEIM/CAIXAS/CX SEM ID /FIBRA ,607d8b,-4.361793142892728,-38.09258423745632,5,SEM ID ,607d8b,,2026-07-07T16:27:03Z,-1
BEBERIBE/ITAPEIM/CAIXAS/CX SEM ID /FIBRA ,607d8b,-4.370064473196151,-38.04991565644741,5,SEM ID ,607d8b,,2026-07-07T13:19:15Z,-1
BEBERIBE/ITAPEIM/CAIXAS/CX SEM ID /FIBRA ,607d8b,-4.365508265869252,-38.0569913238287,5,SEM ID ,607d8b,,2026-07-07T13:16:48Z,-1
BEBERIBE/ITAPEIM/CAIXAS/CX SEM ID /FIBRA ,607d8b,-4.3648012138261825,-38.05852420628071,5,SEM ID ,607d8b,,2026-07-07T13:14:58Z,-1
BEBERIBE/ITAPEIM/CAIXAS/CX SEM ID /FIBRA ,607d8b,-4.401514885646061,-38.20359081029892,5,SEM ID ,607d8b,,2026-07-08T13:08:31Z,-1
BEBERIBE/ITAPEIM/CAIXAS/CX SEM ID /FIBRA ,607d8b,-4.402115599690453,-38.20867728441954,5,SEM ID ,607d8b,,2026-07-08T13:13:17Z,-1
BEBERIBE/ITAPEIM/CAIXAS/CX SEM ID /FIBRA ,607d8b,-4.344193112635972,-38.163084760308266,6,SEM ID ,607d8b,,2026-07-06T18:53:14Z,-1
BEBERIBE/ITAPEIM/CAIXAS/CX SEM ID /FIBRA ,607d8b,-4.3709226243436365,-38.04780676960945,6,SEM ID ,607d8b,,2026-07-07T13:20:03Z,-1
BEBERIBE/ITAPEIM/CAIXAS/CX SEM ID /FIBRA ,607d8b,-4.363431904524243,-38.08895252645016,6,SEM ID ,607d8b,,2026-07-07T16:25:43Z,-1
BEBERIBE/ITAPEIM/CAIXAS/CX SEM ID /FIBRA ,607d8b,-4.341425999852371,-38.16359404474497,6,SEM ID ,607d8b,,2026-07-07T19:07:19Z,-1
BEBERIBE/ITAPEIM/CAIXAS/CX SEM ID /FIBRA ,607d8b,-4.354322724827471,-38.11719350516796,6,SEM ID ,607d8b,,2026-07-07T16:48:23Z,-1
BEBERIBE/ITAPEIM/CAIXAS/CX SEM ID /FIBRA ,607d8b,-4.386005130460525,-38.05795691907406,6,SEM ID ,607d8b,,2026-07-07T14:26:59Z,-1
BEBERIBE/ITAPEIM/CAIXAS/CX SEM ID /FIBRA ,607d8b,-4.364844339005326,-38.09499856084585,6,SEM ID ,607d8b,,2026-07-07T16:30:40Z,-1
BEBERIBE/ITAPEIM/CAIXAS/CX SEM ID /FIBRA ,607d8b,-4.355540943595901,-38.11742652207613,6,SEM ID ,607d8b,,2026-07-07T16:51:01Z,-1
BEBERIBE/ITAPEIM/CAIXAS/CX SEM ID /FIBRA ,607d8b,-4.343553237512018,-38.16344652324915,6,SEM ID ,607d8b,,2026-07-07T19:06:06Z,-1
BEBERIBE/ITAPEIM/CAIXAS/CX SEM ID /FIBRA ,607d8b,-4.394442669846547,-38.20396699011326,6,SEM ID ,607d8b,,2026-07-08T12:59:28Z,-1
BEBERIBE/ITAPEIM/CAIXAS/CX SEM ID /FIBRA ,607d8b,-4.365150895439947,-38.23336970061064,6,SEM ID ,607d8b,,2026-07-08T11:01:34Z,-1
BEBERIBE/ITAPEIM/CAIXAS/CX SEM ID /FIBRA ,607d8b,-4.218138033673966,-38.16982213407755,6,SEM ID ,607d8b,,2026-07-08T16:15:44Z,-1
BEBERIBE/ITAPEIM/CAIXAS/CX SEM ID /FIBRA ,607d8b,-4.288636966779938,-38.128410167992115,7,SEM ID ,607d8b,,2026-07-06T17:32:36Z,-1
BEBERIBE/ITAPEIM/CAIXAS/CX SEM ID /FIBRA ,607d8b,-4.345706211213425,-38.16246818751097,7,SEM ID ,607d8b,,2026-07-06T18:51:12Z,-1
BEBERIBE/ITAPEIM/CAIXAS/CX SEM ID /FIBRA ,607d8b,-4.368588865459472,-38.08258194476366,7,SEM ID ,607d8b,,2026-07-07T14:43:33Z,-1
BEBERIBE/ITAPEIM/CAIXAS/CX SEM ID /FIBRA ,607d8b,-4.344777491324014,-38.163766376674175,8,SEM ID ,607d8b,,2026-07-06T18:48:37Z,-1
BEBERIBE/ITAPEIM/CAIXAS/CX SEM ID /FIBRA ,607d8b,-4.384210971024337,-38.05364962667227,8,SEM ID ,607d8b,,2026-07-07T14:23:43Z,-1
BEBERIBE/ITAPEIM/CAIXAS/CX SEM ID /FIBRA ,607d8b,-4.342464378751998,-38.16351056098938,8,SEM ID ,607d8b,,2026-07-07T19:06:40Z,-1
BEBERIBE/ITAPEIM/CAIXAS/CX SEM ID /FIBRA ,607d8b,-4.343270742835785,-38.1639413908124,9,SEM ID ,607d8b,,2026-07-06T18:54:44Z,-1
BEBERIBE/ITAPEIM/CAIXAS/CX SEM ID /FIBRA ,607d8b,-4.3994018525935115,-38.203877471387386,9,SEM ID ,607d8b,,2026-07-08T13:07:29Z,-1
BEBERIBE/ITAPEIM/CAIXAS/CX SEM ID /FIBRA ,607d8b,-4.244877645802913,-38.10045249760151,9,SEM ID ,607d8b,,2026-07-08T17:03:33Z,-1
BEBERIBE/ITAPEIM/CAIXAS/CX SEM ID /FIBRA ,607d8b,-4.371740658434059,-38.011794090270996,10,SEM ID ,607d8b,,2026-07-07T14:00:53Z,-1
BEBERIBE/ITAPEIM/CAIXAS/CX SEM ID /FIBRA ,607d8b,-4.222407231862162,-38.16969405859709,16,SEM ID ,607d8b,,2026-07-08T16:17:09Z,-1
BEBERIBE/ITAPEIM/CAIXAS/CX SEM ID /PACPON ,607d8b,-4.364816591797317,-38.058514818549156,0,SEM ID PACPON,607d8b,,2026-07-07T13:14:47Z,-1
BEBERIBE/ITAPEIM/CAIXAS/CX SEM ID /PACPON ,607d8b,-4.221255339769998,-38.13001547008753,0,SEM ID PACPON ,607d8b,,2026-07-06T14:11:59Z,-1
BEBERIBE/ITAPEIM/CAIXAS/CX SEM ID /PACPON ,607d8b,-4.223258527502728,-38.14082946628332,0,SEM ID PACPON ,607d8b,,2026-07-06T14:17:46Z,-1
BEBERIBE/ITAPEIM/CAIXAS/CX SEM ID /PACPON ,607d8b,-4.222854613583887,-38.14082644879818,0,SEM ID PACPON ,607d8b,,2026-07-06T14:17:58Z,-1
BEBERIBE/ITAPEIM/CAIXAS/CX SEM ID /PACPON ,607d8b,-4.221775948396077,-38.142275512218475,0,SEM ID PACPON ,607d8b,,2026-07-06T14:19:56Z,-1
BEBERIBE/ITAPEIM/CAIXAS/CX SEM ID /PACPON ,607d8b,-4.215902112008026,-38.122699074447155,0,SEM ID PACPON ,607d8b,,2026-07-06T14:07:56Z,-1
BEBERIBE/ITAPEIM/CAIXAS/CX SEM ID /PACPON ,607d8b,-4.223839320575428,-38.138224706053734,0,SEM ID PACPON ,607d8b,,2026-07-06T14:15:55Z,-1
BEBERIBE/ITAPEIM/CAIXAS/CX SEM ID /PACPON ,607d8b,-4.226141757919043,-38.14045496284962,0,SEM ID PACPON ,607d8b,,2026-07-06T14:25:32Z,-1
BEBERIBE/ITAPEIM/CAIXAS/CX SEM ID /PACPON ,607d8b,-4.343681948069075,-38.16464178264141,0,SEM ID PACPON ,607d8b,,2026-07-06T18:56:24Z,-1
BEBERIBE/ITAPEIM/CAIXAS/CX SEM ID /PACPON ,607d8b,-4.344936624114849,-38.162275068461895,0,SEM ID PACPON ,607d8b,,2026-07-06T18:46:55Z,-1
BEBERIBE/ITAPEIM/CAIXAS/CX SEM ID /PACPON ,607d8b,-4.364801882433622,-38.060788325965405,0,SEM ID PACPON ,607d8b,,2026-07-07T13:13:18Z,-1
BEBERIBE/ITAPEIM/CAIXAS/CX SEM ID /PACPON ,607d8b,-4.365113119135789,-38.05974964052439,0,SEM ID PACPON ,607d8b,,2026-07-07T13:13:32Z,-1
BEBERIBE/ITAPEIM/CAIXAS/CX SEM ID /PACPON ,607d8b,-4.344873439040159,-38.15831679850817,0,SEM ID PACPON ,607d8b,,2026-07-07T19:13:41Z,-1
BEBERIBE/ITAPEIM/CAIXAS/CX SEM ID /PACPON ,607d8b,-4.344440504126679,-38.10552857816219,0,SEM ID PACPON ,607d8b,,2026-07-07T12:59:50Z,-1
BEBERIBE/ITAPEIM/CAIXAS/CX SEM ID /PACPON ,607d8b,-4.385988415747447,-38.0576179549098,0,SEM ID PACPON ,607d8b,,2026-07-07T14:27:26Z,-1
BEBERIBE/ITAPEIM/CAIXAS/CX SEM ID /PACPON ,607d8b,-4.374605275065067,-38.02843518555164,0,SEM ID PACPON ,607d8b,,2026-07-07T13:53:19Z,-1
BEBERIBE/ITAPEIM/CAIXAS/CX SEM ID /PACPON ,607d8b,-4.402505378271257,-38.212373703718185,0,SEM ID PACPON ,607d8b,,2026-07-08T13:16:31Z,-1
BEBERIBE/ITAPEIM/CAIXAS/CX SEM ID /PACPON ,607d8b,-4.399419235582489,-38.20432908833027,0,SEM ID PACPON ,607d8b,,2026-07-08T13:10:43Z,-1
BEBERIBE/ITAPEIM/CAIXAS/CX SEM ID /PACPON ,607d8b,-4.402633075840807,-38.20400521159172,0,SEM ID PACPON ,607d8b,,2026-07-08T13:09:14Z,-1
BEBERIBE/ITAPEIM/CAIXAS/CX SEM ID /PACPON ,607d8b,-4.400208155424575,-38.20378962904215,0,SEM ID PACPON ,607d8b,,2026-07-08T13:08:04Z,-1
BEBERIBE/ITAPEIM/CAIXAS/CX SEM ID /PACPON ,607d8b,-4.397840056235453,-38.20409640669823,0,SEM ID PACPON ,607d8b,,2026-07-08T13:06:50Z,-1
BEBERIBE/ITAPEIM/CAIXAS/CX SEM ID /PACPON ,607d8b,-4.402386706426499,-38.21095313876867,0,SEM ID PACPON DESATIVADA ,607d8b,,2026-07-08T13:15:25Z,-1
BEBERIBE/ITAPEIM/CAIXAS/CX SEM ID /PACPON ,607d8b,-4.213295367637205,-38.12070652842522,1,SEM ID PACPON,607d8b,,2026-07-06T14:44:11Z,-1
BEBERIBE/ITAPEIM/CAIXAS/CX SEM ID /PACPON ,607d8b,-4.212190273908823,-38.120409809052944,1,SEM ID PACPON ,607d8b,,2026-07-06T14:44:30Z,-1
BEBERIBE/ITAPEIM/CAIXAS/CX SEM ID /PACPON ,607d8b,-4.223422032332271,-38.13184071332216,1,SEM ID PACPON ,607d8b,,2026-07-06T14:13:19Z,-1
BEBERIBE/ITAPEIM/CAIXAS/CX SEM ID /PACPON ,607d8b,-4.223499605163692,-38.13975088298321,1,SEM ID PACPON ,607d8b,,2026-07-06T14:16:45Z,-1
BEBERIBE/ITAPEIM/CAIXAS/CX SEM ID /PACPON ,607d8b,-4.3997926354593915,-38.205116987228394,1,SEM ID PACPON ,607d8b,,2026-07-08T13:11:06Z,-1
BEBERIBE/ITAPEIM/CAIXAS/CX SEM ID /PACPON ,607d8b,-4.224631432015692,-38.13707873225212,2,SEM ID PACPON ,607d8b,,2026-07-06T14:15:23Z,-1
BEBERIBE/ITAPEIM/CAIXAS/CX SEM ID /PACPON ,607d8b,-4.2215602820519225,-38.14261984080076,2,SEM ID PACPON ,607d8b,,2026-07-06T14:20:09Z,-1
BEBERIBE/ITAPEIM/CAIXAS/CX SEM ID /PACPON ,607d8b,-4.218811784791128,-38.12649104744196,2,SEM ID PACPON ,607d8b,,2026-07-06T14:10:18Z,-1
BEBERIBE/ITAPEIM/CAIXAS/CX SEM ID /PACPON ,607d8b,-4.35557136560905,-38.079193979501724,2,SEM ID PACPON ,607d8b,,2026-07-07T13:08:35Z,-1
BEBERIBE/ITAPEIM/CAIXAS/CX SEM ID /PACPON ,607d8b,-4.3710463157018795,-38.03229957818985,2,SEM ID PACPON ,607d8b,,2026-07-07T13:28:55Z,-1
BEBERIBE/ITAPEIM/CAIXAS/CX SEM ID /PACPON ,607d8b,-4.364251618302882,-38.057746700942516,2,SEM ID PACPON ,607d8b,,2026-07-07T13:15:12Z,-1
BEBERIBE/ITAPEIM/CAIXAS/CX SEM ID /PACPON ,607d8b,-4.39945199582985,-38.20468883961439,3,SEM ID PACPON ,607d8b,,2026-07-08T13:10:51Z,-1
BEBERIBE/ITAPEIM/CAIXAS/CX SEM ID /PACPON ,607d8b,-4.40202534218552,-38.20815056562424,3,SEM ID PACPON ,607d8b,,2026-07-08T13:12:41Z,-1
BEBERIBE/ITAPEIM/CAIXAS/CX SEM ID /PACPON ,607d8b,-4.402364309202982,-38.210952803492546,3,SEM ID PACPON DESATIVADA ,607d8b,,2026-07-08T13:15:12Z,-1
BEBERIBE/ITAPEIM/CAIXAS/CX SEM ID /PACPON ,607d8b,-4.402176439928354,-38.20959493517876,4,SEM ID PACPON ,607d8b,,2026-07-08T13:14:08Z,-1
BEBERIBE/ITAPEIM/CAIXAS/CX SEM ID /PACPON ,607d8b,-4.402138665495521,-38.20867896080017,5,SEM ID PACPON ,607d8b,,2026-07-08T13:13:06Z,-1
BEBERIBE/ITAPEIM/CAIXAS/LAGO NET,0000ff,-4.372578081046778,-38.02919592708349,0,LAGO NET ,0000ff,,2026-07-07T13:30:07Z,-1
BEBERIBE/ITAPEIM/CAIXAS/LAGO NET,0000ff,-4.371062696447797,-38.0323176831007,0,LAGO NET ,0000ff,,2026-07-07T13:29:05Z,-1
BEBERIBE/ITAPEIM/CAIXAS/LAGO NET,0000ff,-4.367360304469718,-38.02902426570654,0,LAGO NET ,0000ff,,2026-07-07T13:31:16Z,-1
BEBERIBE/ITAPEIM/CAIXAS/LAGO NET,0000ff,-4.368253226139863,-38.03790807723999,1,LAGO NET ,0000ff,,2026-07-07T13:27:14Z,-1
BEBERIBE/ITAPEIM/CAIXAS/LAGO NET,0000ff,-4.36882588556579,-38.03954154253006,1,LAGO NET ,0000ff,,2026-07-07T13:26:31Z,-1
BEBERIBE/ITAPEIM/CAIXAS/LAGO NET,0000ff,-4.370214240198761,-38.04233103990555,2,LAGO NET,0000ff,,2026-07-07T13:25:03Z,-1
BEBERIBE/ITAPEIM/CAIXAS/LAGO NET,0000ff,-4.370263382489974,-38.04504007101059,3,LAGO NET,0000ff,,2026-07-07T13:21:00Z,-1
BEBERIBE/ITAPEIM/CAIXAS/LAGO NET,0000ff,-4.3719773432434135,-38.030724450945854,4,LAGO NET ,0000ff,,2026-07-07T13:29:42Z,-1
BEBERIBE/ITAPEIM/CAIXAS/LAGO NET,0000ff,-4.371773085594562,-38.03114019334316,4,LAGO NET ,0000ff,,2026-07-07T13:29:25Z,-1
BEBERIBE/ITAPEIM/CAIXAS/NETONDA ,009688,-4.226055491874044,-38.140387907624245,0,NETONDA ,009688,,2026-07-06T14:22:27Z,-1
BEBERIBE/ITAPEIM/CAIXAS/NETONDA ,009688,-4.215875362494996,-38.12266420572996,0,NETONDA ,009688,,2026-07-06T14:08:22Z,-1
BEBERIBE/ITAPEIM/CAIXAS/NETONDA ,009688,-4.226657347801864,-38.11203293502331,1,NETONDA ,009688,,2026-07-06T14:48:01Z,-1
BEBERIBE/ITAPEIM/CAIXAS/NETONDA ,009688,-4.2235564473197185,-38.11988543719053,1,NETONDA ,009688,,2026-07-06T16:26:42Z,-1
BEBERIBE/ITAPEIM/CAIXAS/NETONDA ,009688,-4.225311864793607,-38.115152679383755,2,NETONDA ,009688,,2026-07-06T16:30:47Z,-1
BEBERIBE/ITAPEIM/CAIXAS/NETONDA ,009688,-4.225324570657984,-38.11393428593874,3,NETONDA ,009688,,2026-07-06T16:31:35Z,-1
BEBERIBE/ITAPEIM/CAIXAS/NETONDA ,009688,-4.228054654845937,-38.11147537082434,3,NETONDA ,009688,,2026-07-08T16:48:00Z,-1
BEBERIBE/ITAPEIM/CAIXAS/NETONDA ,009688,-4.351638223708929,-38.227507062256336,4,NEW WORD ,009688,,2026-07-07T18:22:17Z,-1
BEBERIBE/ITAPEIM/CAIXAS/NETONDA ,009688,-4.215184221632762,-38.121265433728695,6,NETONDA,009688,,2026-07-06T14:07:21Z,-1
BEBERIBE/ITAPEIM/CAIXAS/NETONDA ,009688,-4.224052980093812,-38.13541643321514,6,NETONDA,009688,,2026-07-06T14:14:40Z,-1
BEBERIBE/ITAPEIM/CAIXAS/NETONDA ,009688,-4.229477036600535,-38.14030710607767,6,NETONDA ,009688,,2026-07-06T14:27:13Z,-1
BEBERIBE/ITAPEIM/CAIXAS/NETONDA ,009688,-4.2187007747217145,-38.126005567610264,6,NETONDA ,009688,,2026-07-06T14:09:49Z,-1
BEBERIBE/ITAPEIM/CAIXAS/NETONDA ,009688,-4.226774375289126,-38.11794050037861,6,NETONDA ,009688,,2026-07-06T16:19:05Z,-1
BEBERIBE/ITAPEIM/CAIXAS/NETONDA ,009688,-4.2244481998928975,-38.11896342784166,7,NETONDA ,009688,,2026-07-06T16:24:45Z,-1
BEBERIBE/ITAPEIM/CAIXAS/NETONDA ,009688,-4.226850610328474,-38.117157965898514,7,NETONDA ,009688,,2026-07-06T16:16:56Z,-1
BEBERIBE/ITAPEIM/CAIXAS/NETONDA ,009688,-4.22565391996458,-38.14322669059038,7,NETONDA ,009688,,2026-07-06T14:23:49Z,-1
BEBERIBE/ITAPEIM/CAIXAS/NETONDA ,009688,-4.231578171207932,-38.138941526412964,8,NETONDA ,009688,,2026-07-06T14:36:43Z,-1
BEBERIBE/ITAPEIM/CAIXAS/NETONDA ,009688,-4.22671084608394,-38.11929300427437,8,NETONDA ,009688,,2026-07-06T16:19:57Z,-1
BEBERIBE/ITAPEIM/CAIXAS/NETONDA ,009688,-4.22087315864885,-38.12986224889755,8,NETONDA ,009688,,2026-07-06T14:11:47Z,-1
BEBERIBE/ITAPEIM/CAIXAS/NETONDA ,009688,-4.226915476978848,-38.140831142663956,8,NETONDA ,009688,,2026-07-06T14:25:58Z,-1
BEBERIBE/ITAPEIM/CAIXAS/NETONDA ,009688,-4.223339778373256,-38.140538446605206,9,NETONDA ,009688,,2026-07-06T14:17:28Z,-1
BEBERIBE/ITAPEIM/CAIXAS/NETONDA ,009688,-4.225908705829669,-38.14209580421448,9,NETONDA ,009688,,2026-07-06T14:23:06Z,-1
BEBERIBE/ITAPEIM/CAIXAS/NETONDA ,009688,-4.227740352930682,-38.112444654107094,9,NETONDA ,009688,,2026-07-06T16:11:45Z,-1
BEBERIBE/ITAPEIM/CAIXAS/NETONDA ,009688,-4.223312360384971,-38.13124559819698,10,NETONDA,009688,,2026-07-06T14:13:04Z,-1
BEBERIBE/ITAPEIM/CAIXAS/NETONDA ,009688,-4.224980843516754,-38.11838876456022,10,NETONDA ,009688,,2026-07-06T16:23:57Z,-1
BEBERIBE/ITAPEIM/CAIXAS/NETONDA ,009688,-4.225923752236413,-38.11739232391119,10,NETONDA ,009688,,2026-07-06T16:22:10Z,-1
BEBERIBE/ITAPEIM/CAIXAS/NETONDA ,009688,-4.223711592947918,-38.13882518559694,11,NETONDA ,009688,,2026-07-06T14:16:17Z,-1
BEBERIBE/ITAPEIM/CAIXAS/NETONDA ,009688,-4.224582280337365,-38.117873445153236,11,NETONDA ,009688,,2026-07-06T16:23:04Z,-1
BEBERIBE/ITAPEIM/CAIXAS/NETONDA ,009688,-4.215956279769115,-38.120290115475655,13,NETONDA ,009688,,2026-07-06T14:05:30Z,-1
BEBERIBE/ITAPEIM/CAIXAS/NETONDA ,009688,-4.225918402402934,-38.11262972652912,14,NETONDA ,009688,,2026-07-06T16:32:43Z,-1
BEBERIBE/ITAPEIM/CAIXAS/NETPLUS,ff00ff,-4.301490792239876,-38.095931969583035,0,NETPLUS,ff00ff,,2026-07-06T17:15:57Z,-1
BEBERIBE/ITAPEIM/CAIXAS/NETPLUS,ff00ff,-4.307319174722088,-38.0960389226675,1,NETPLUS ,ff00ff,,2026-07-06T17:03:19Z,-1
BEBERIBE/ITAPEIM/CAIXAS/NETPLUS,ff00ff,-4.302849180787148,-38.098577968776226,1,NETPLUS ,ff00ff,,2026-07-06T16:59:57Z,-1
BEBERIBE/ITAPEIM/CAIXAS/NETPLUS,ff00ff,-4.225828123957509,-38.11949484050274,1,NETPLUS ,ff00ff,,2026-07-06T16:25:36Z,-1
BEBERIBE/ITAPEIM/CAIXAS/NETPLUS,ff00ff,-4.22733142588632,-38.118347860872746,1,NETPLUS ,ff00ff,,2026-07-06T16:19:27Z,-1
BEBERIBE/ITAPEIM/CAIXAS/NETPLUS,ff00ff,-4.224441178223102,-38.118979185819626,1,NETPLUS ,ff00ff,,2026-07-06T16:24:24Z,-1
BEBERIBE/ITAPEIM/CAIXAS/NETPLUS,ff00ff,-4.225096868162198,-38.114734925329685,2,NETPLUS ,ff00ff,,2026-07-06T16:31:06Z,-1
BEBERIBE/ITAPEIM/CAIXAS/NETPLUS,ff00ff,-4.282711482989157,-38.154464811086655,2,NETPLUS ,ff00ff,,2026-07-06T17:58:15Z,-1
BEBERIBE/ITAPEIM/CAIXAS/NETPLUS,ff00ff,-4.22546600697632,-38.11362147331238,2,NETPLUS ,ff00ff,,2026-07-06T16:31:46Z,-1
BEBERIBE/ITAPEIM/CAIXAS/NETPLUS,ff00ff,-4.232052630954953,-38.11683475971222,2,NETPLUS ,ff00ff,,2026-07-06T16:15:29Z,-1
BEBERIBE/ITAPEIM/CAIXAS/NETPLUS,ff00ff,-4.307071102448397,-38.0946971476078,2,NETPLUS ,ff00ff,,2026-07-06T17:03:53Z,-1
BEBERIBE/ITAPEIM/CAIXAS/NETPLUS,ff00ff,-4.301767953181299,-38.09716511517763,3,NETPLUS ,ff00ff,,2026-07-06T16:59:01Z,-1
BEBERIBE/ITAPEIM/CAIXAS/NETPLUS,ff00ff,-4.2998562427311064,-38.092869222164154,3,NETPLUS ,ff00ff,,2026-07-06T17:14:10Z,-1
BEBERIBE/ITAPEIM/CAIXAS/NETPLUS,ff00ff,-4.301566351203752,-38.09464953839779,4,NETPLUS ,ff00ff,,2026-07-06T17:15:22Z,-1
BEBERIBE/ITAPEIM/CAIXAS/NETPLUS,ff00ff,-4.2252403107113885,-38.11807461082935,4,NETPLUS ,ff00ff,,2026-07-06T16:22:29Z,-1
BEBERIBE/ITAPEIM/CAIXAS/NETPLUS,ff00ff,-4.306336580700078,-38.09724122285843,5,NETPLUS ,ff00ff,,2026-07-06T17:01:28Z,-1
BEBERIBE/ITAPEIM/CAIXAS/NETPLUS,ff00ff,-4.307431174980868,-38.09787388890982,6,NETPLUS ,ff00ff,,2026-07-06T17:01:57Z,-1
BEBERIBE/ITAPEIM/CAIXAS/NETPLUS,ff00ff,-4.298157832082062,-38.09158746153116,6,NETPLUS ,ff00ff,,2026-07-06T17:08:31Z,-1
BEBERIBE/ITAPEIM/CAIXAS/NETPLUS,ff00ff,-4.288729578219803,-38.12411226332188,7,NETPLUS ,ff00ff,,2026-07-06T16:45:18Z,-1
BEBERIBE/ITAPEIM/CAIXAS/NETPLUS,ff00ff,-4.30063490256833,-38.097848407924175,7,NETPLUS ,ff00ff,,2026-07-06T16:57:34Z,-1
BEBERIBE/ITAPEIM/CAIXAS/NETPLUS,ff00ff,-4.289978327043718,-38.12934324145317,8,NETPLUS ,ff00ff,,2026-07-06T17:33:26Z,-1
BEBERIBE/ITAPEIM/CAIXAS/NETPLUS,ff00ff,-4.340391965613428,-38.155935667455196,8,NETPLUS ,ff00ff,,2026-07-06T18:43:32Z,-1
BEBERIBE/ITAPEIM/CAIXAS/NEW WORD,8bc34a,-4.338391090295155,-38.138908334076405,,NEW WORD ,8bc34a,,2026-07-06T18:39:22Z,-1
BEBERIBE/ITAPEIM/CAIXAS/NEW WORD,8bc34a,-4.364848684953473,-38.095015324652195,0,NEW WORD,8bc34a,,2026-07-07T16:30:31Z,-1
BEBERIBE/ITAPEIM/CAIXAS/NEW WORD,8bc34a,-4.3449239202378225,-38.10452040284872,0,NEW WORD ,8bc34a,,2026-07-07T13:00:05Z,-1
BEBERIBE/ITAPEIM/CAIXAS/NEW WORD,8bc34a,-4.363244025465237,-38.08939307928085,0,NEW WORD ,8bc34a,,2026-07-07T16:25:54Z,-1
BEBERIBE/ITAPEIM/CAIXAS/NEW WORD,8bc34a,-4.358467803071562,-38.100244626402855,0,NEW WORD ,8bc34a,,2026-07-07T16:36:18Z,-1
BEBERIBE/ITAPEIM/CAIXAS/NEW WORD,8bc34a,-4.361561469448266,-38.207386806607246,0,NEW WORD ,8bc34a,,2026-07-07T17:43:10Z,-1
BEBERIBE/ITAPEIM/CAIXAS/NEW WORD,8bc34a,-4.383827534491476,-38.05854197591543,0,NEW WORD ,8bc34a,,2026-07-07T14:29:19Z,-1
BEBERIBE/ITAPEIM/CAIXAS/NEW WORD,8bc34a,-4.3532185034219335,-38.19759238511324,0,NEW WORD ,8bc34a,,2026-07-07T17:30:09Z,-1
BEBERIBE/ITAPEIM/CAIXAS/NEW WORD,8bc34a,-4.3499118470731855,-38.09608317911625,0,NEW WORD ,8bc34a,,2026-07-07T13:02:03Z,-1
BEBERIBE/ITAPEIM/CAIXAS/NEW WORD,8bc34a,-4.369098007288003,-38.0824314057827,0,NEW WORD ,8bc34a,,2026-07-07T14:44:21Z,-1
BEBERIBE/ITAPEIM/CAIXAS/NEW WORD,8bc34a,-4.34332757609276,-38.11115887016058,1,NEW WORD,8bc34a,,2026-07-07T12:52:01Z,-1
BEBERIBE/ITAPEIM/CAIXAS/NEW WORD,8bc34a,-4.36002600425086,-38.09673495590687,1,NEW WORD,8bc34a,,2026-07-07T16:35:11Z,-1
BEBERIBE/ITAPEIM/CAIXAS/NEW WORD,8bc34a,-4.382640785475383,-38.05845882743597,1,NEW WORD,8bc34a,,2026-07-07T14:30:50Z,-1
BEBERIBE/ITAPEIM/CAIXAS/NEW WORD,8bc34a,-4.35620989329352,-38.200184404850006,1,NEW WORD ,8bc34a,,2026-07-07T17:36:06Z,-1
BEBERIBE/ITAPEIM/CAIXAS/NEW WORD,8bc34a,-4.3607183513460015,-38.20489201694727,1,NEW WORD ,8bc34a,,2026-07-07T17:42:17Z,-1
BEBERIBE/ITAPEIM/CAIXAS/NEW WORD,8bc34a,-4.349152293589563,-38.21352671831846,1,NEW WORD ,8bc34a,,2026-07-07T18:17:56Z,-1
BEBERIBE/ITAPEIM/CAIXAS/NEW WORD,8bc34a,-4.356642487134035,-38.11374016106129,1,NEW WORD ,8bc34a,,2026-07-07T16:42:23Z,-1
BEBERIBE/ITAPEIM/CAIXAS/NEW WORD,8bc34a,-4.35736425636499,-38.19938778877258,1,NEW WORD ,8bc34a,,2026-07-07T17:38:51Z,-1
BEBERIBE/ITAPEIM/CAIXAS/NEW WORD,8bc34a,-4.359559313140196,-38.097705245018005,1,NEW WORD ,8bc34a,,2026-07-07T16:35:35Z,-1
BEBERIBE/ITAPEIM/CAIXAS/NEW WORD,8bc34a,-4.361829916448755,-38.092583902180195,1,NEW WORD ,8bc34a,,2026-07-07T16:27:18Z,-1
BEBERIBE/ITAPEIM/CAIXAS/NEW WORD,8bc34a,-4.365172959475121,-38.08387443423271,1,NEW WORD ,8bc34a,,2026-07-07T16:17:37Z,-1
BEBERIBE/ITAPEIM/CAIXAS/NEW WORD,8bc34a,-4.36686119054595,-38.082480020821095,1,NEW WORD ,8bc34a,,2026-07-07T14:42:30Z,-1
BEBERIBE/ITAPEIM/CAIXAS/NEW WORD,8bc34a,-4.367156714168513,-38.081305883824825,1,NEW WORD ,8bc34a,,2026-07-07T14:38:47Z,-1
BEBERIBE/ITAPEIM/CAIXAS/NEW WORD,8bc34a,-4.385540795592069,-38.0568702891469,1,NEW WORD ,8bc34a,,2026-07-07T14:27:48Z,-1
BEBERIBE/ITAPEIM/CAIXAS/NEW WORD,8bc34a,-4.381249110919412,-38.0471895262599,1,NEW WORD ,8bc34a,,2026-07-07T14:22:01Z,-1
BEBERIBE/ITAPEIM/CAIXAS/NEW WORD,8bc34a,-4.358944524049938,-38.20245824754238,1,NEW WORD ,8bc34a,,2026-07-07T17:40:48Z,-1
BEBERIBE/ITAPEIM/CAIXAS/NEW WORD,8bc34a,-4.382309832596892,-38.0374601483345,1,NEW WORD ,8bc34a,,2026-07-07T14:19:24Z,-1
BEBERIBE/ITAPEIM/CAIXAS/NEW WORD,8bc34a,-4.365939517142956,-38.081473521888256,2,NEW WORD,8bc34a,,2026-07-07T16:15:02Z,-1
BEBERIBE/ITAPEIM/CAIXAS/NEW WORD,8bc34a,-4.348139665857231,-38.09740986675024,2,NEW WORD,8bc34a,,2026-07-07T13:01:32Z,-1
BEBERIBE/ITAPEIM/CAIXAS/NEW WORD,8bc34a,-4.283557362568382,-38.13915777951479,2,NEW WORD ,8bc34a,,2026-07-06T17:53:17Z,-1
BEBERIBE/ITAPEIM/CAIXAS/NEW WORD,8bc34a,-4.283592802561963,-38.140428476035595,2,NEW WORD ,8bc34a,,2026-07-06T17:53:50Z,-1
BEBERIBE/ITAPEIM/CAIXAS/NEW WORD,8bc34a,-4.283698119514309,-38.142950758337975,2,NEW WORD ,8bc34a,,2026-07-06T17:54:45Z,-1
BEBERIBE/ITAPEIM/CAIXAS/NEW WORD,8bc34a,-4.338177462692289,-38.14160697162151,2,NEW WORD ,8bc34a,,2026-07-06T18:40:05Z,-1
BEBERIBE/ITAPEIM/CAIXAS/NEW WORD,8bc34a,-4.345786111827222,-38.161607533693314,2,NEW WORD ,8bc34a,,2026-07-06T18:51:46Z,-1
BEBERIBE/ITAPEIM/CAIXAS/NEW WORD,8bc34a,-4.350899064870875,-38.199571184813976,2,NEW WORD ,8bc34a,,2026-07-07T17:33:13Z,-1
BEBERIBE/ITAPEIM/CAIXAS/NEW WORD,8bc34a,-4.385903839293525,-38.03433336317539,2,NEW WORD ,8bc34a,,2026-07-07T14:13:23Z,-1
BEBERIBE/ITAPEIM/CAIXAS/NEW WORD,8bc34a,-4.384234705973264,-38.053658343851566,2,NEW WORD ,8bc34a,,2026-07-07T14:23:29Z,-1
BEBERIBE/ITAPEIM/CAIXAS/NEW WORD,8bc34a,-4.386021510878986,-38.05787645280361,2,NEW WORD ,8bc34a,,2026-07-07T14:26:51Z,-1
BEBERIBE/ITAPEIM/CAIXAS/NEW WORD,8bc34a,-4.343213575261218,-38.20028834044933,2,NEW WORD ,8bc34a,,2026-07-07T18:11:38Z,-1
BEBERIBE/ITAPEIM/CAIXAS/NEW WORD,8bc34a,-4.35617713115327,-38.115613013505936,2,NEW WORD ,8bc34a,,2026-07-07T16:41:49Z,-1
BEBERIBE/ITAPEIM/CAIXAS/NEW WORD,8bc34a,-4.358890032116093,-38.19972541183233,2,NEW WORD ,8bc34a,,2026-07-07T17:38:26Z,-1
BEBERIBE/ITAPEIM/CAIXAS/NEW WORD,8bc34a,-4.355129410527854,-38.11698026955128,2,NEW WORD ,8bc34a,,2026-07-07T16:46:29Z,-1
BEBERIBE/ITAPEIM/CAIXAS/NEW WORD,8bc34a,-4.35201131310469,-38.22563521564007,2,NEW WORD ,8bc34a,,2026-07-07T18:21:08Z,-1
BEBERIBE/ITAPEIM/CAIXAS/NEW WORD,8bc34a,-4.357122552341171,-38.18830959498882,2,NEW WORD ,8bc34a,,2026-07-07T17:25:31Z,-1
BEBERIBE/ITAPEIM/CAIXAS/NEW WORD,8bc34a,-4.350855604581913,-38.19888889789581,2,NEW WORD ,8bc34a,,2026-07-07T17:32:37Z,-1
BEBERIBE/ITAPEIM/CAIXAS/NEW WORD,8bc34a,-4.3518180822400065,-38.226914294064045,2,NEW WORD ,8bc34a,,2026-07-07T18:21:52Z,-1
BEBERIBE/ITAPEIM/CAIXAS/NEW WORD,8bc34a,-4.358463457086482,-38.19838397204876,2,NEW WORD ,8bc34a,,2026-07-07T17:37:45Z,-1
BEBERIBE/ITAPEIM/CAIXAS/NEW WORD,8bc34a,-4.345627313527905,-38.157825618982315,2,NEW WORD ,8bc34a,,2026-07-07T19:14:02Z,-1
BEBERIBE/ITAPEIM/CAIXAS/NEW WORD,8bc34a,-4.283794409286629,-38.148652128875256,3,NEW WORD ,8bc34a,,2026-07-06T17:56:23Z,-1
BEBERIBE/ITAPEIM/CAIXAS/NEW WORD,8bc34a,-4.28488836723761,-38.12834244221449,3,NEW WORD ,8bc34a,,2026-07-06T18:07:01Z,-1
BEBERIBE/ITAPEIM/CAIXAS/NEW WORD,8bc34a,-4.345074026560593,-38.16149353981018,3,NEW WORD ,8bc34a,,2026-07-06T18:46:28Z,-1
BEBERIBE/ITAPEIM/CAIXAS/NEW WORD,8bc34a,-4.34572459838472,-38.16243667155504,3,NEW WORD ,8bc34a,,2026-07-06T18:51:01Z,-1
BEBERIBE/ITAPEIM/CAIXAS/NEW WORD,8bc34a,-4.350304661624496,-38.094522804021835,3,NEW WORD ,8bc34a,,2026-07-07T13:02:49Z,-1
BEBERIBE/ITAPEIM/CAIXAS/NEW WORD,8bc34a,-4.34453277444568,-38.19700464606285,3,NEW WORD ,8bc34a,,2026-07-07T18:07:35Z,-1
BEBERIBE/ITAPEIM/CAIXAS/NEW WORD,8bc34a,-4.340158279696857,-38.16372748464346,3,NEW WORD ,8bc34a,,2026-07-07T19:08:03Z,-1
BEBERIBE/ITAPEIM/CAIXAS/NEW WORD,8bc34a,-4.38177629613284,-38.043890073895454,3,NEW WORD ,8bc34a,,2026-07-07T14:21:10Z,-1
BEBERIBE/ITAPEIM/CAIXAS/NEW WORD,8bc34a,-4.363117658384862,-38.095056898891926,3,NEW WORD ,8bc34a,,2026-07-07T16:29:48Z,-1
BEBERIBE/ITAPEIM/CAIXAS/NEW WORD,8bc34a,-4.351334670551615,-38.17452438175678,3,NEW WORD ,8bc34a,,2026-07-07T17:15:12Z,-1
BEBERIBE/ITAPEIM/CAIXAS/NEW WORD,8bc34a,-4.3626098497178605,-38.090582974255085,3,NEW WORD ,8bc34a,,2026-07-07T16:26:25Z,-1
BEBERIBE/ITAPEIM/CAIXAS/NEW WORD,8bc34a,-4.355182565502194,-38.200768455863,3,NEW WORD ,8bc34a,,2026-07-07T17:34:43Z,-1
BEBERIBE/ITAPEIM/CAIXAS/NEW WORD,8bc34a,-4.341127457296451,-38.16361986100674,3,NEW WORD ,8bc34a,,2026-07-07T19:07:31Z,-1
BEBERIBE/ITAPEIM/CAIXAS/NEW WORD,8bc34a,-4.36099348475618,-38.095059245824814,3,NEW WORD ,8bc34a,,2026-07-07T16:28:28Z,-1
BEBERIBE/ITAPEIM/CAIXAS/NEW WORD,8bc34a,-4.345357523498484,-38.1980986520648,3,NEW WORD ,8bc34a,,2026-07-07T18:09:16Z,-1
BEBERIBE/ITAPEIM/CAIXAS/NEW WORD,8bc34a,-4.3414156361150145,-38.20508748292923,3,NEW WORD ,8bc34a,,2026-07-07T18:45:01Z,-1
BEBERIBE/ITAPEIM/CAIXAS/NEW WORD,8bc34a,-4.344005563086909,-38.16394977271557,4,MEW WORD,8bc34a,,2026-07-06T18:54:02Z,-1
BEBERIBE/ITAPEIM/CAIXAS/NEW WORD,8bc34a,-4.339564536613495,-38.12939319759607,4,NEW WORD ,8bc34a,,2026-07-06T18:16:42Z,-1
BEBERIBE/ITAPEIM/CAIXAS/NEW WORD,8bc34a,-4.283054515690152,-38.15321791917086,4,NEW WORD ,8bc34a,,2026-07-06T17:57:53Z,-1
BEBERIBE/ITAPEIM/CAIXAS/NEW WORD,8bc34a,-4.344148314708709,-38.16343009471893,4,NEW WORD ,8bc34a,,2026-07-06T18:53:28Z,-1
BEBERIBE/ITAPEIM/CAIXAS/NEW WORD,8bc34a,-4.345261241531537,-38.16250070929527,4,NEW WORD ,8bc34a,,2026-07-06T18:50:44Z,-1
BEBERIBE/ITAPEIM/CAIXAS/NEW WORD,8bc34a,-4.352811649410557,-38.22321016341448,4,NEW WORD ,8bc34a,,2026-07-07T18:20:25Z,-1
BEBERIBE/ITAPEIM/CAIXAS/NEW WORD,8bc34a,-4.354854274971742,-38.11589699238539,4,NEW WORD ,8bc34a,,2026-07-07T16:39:33Z,-1
BEBERIBE/ITAPEIM/CAIXAS/NEW WORD,8bc34a,-4.353391006781905,-38.199739158153534,4,NEW WORD ,8bc34a,,2026-07-07T17:31:36Z,-1
BEBERIBE/ITAPEIM/CAIXAS/NEW WORD,8bc34a,-4.359251417198636,-38.096024841070175,4,NEW WORD ,8bc34a,,2026-07-07T16:33:51Z,-1
BEBERIBE/ITAPEIM/CAIXAS/NEW WORD,8bc34a,-4.345740645370202,-38.19796923547983,4,NEW WORD ,8bc34a,,2026-07-07T18:09:45Z,-1
BEBERIBE/ITAPEIM/CAIXAS/NEW WORD,8bc34a,-4.356504083876724,-38.19873433560133,4,NEW WORD ,8bc34a,,2026-07-07T17:37:12Z,-1
BEBERIBE/ITAPEIM/CAIXAS/NEW WORD,8bc34a,-4.37007015631956,-38.082049526274204,4,NEW WORD ,8bc34a,,2026-07-07T14:45:29Z,-1
BEBERIBE/ITAPEIM/CAIXAS/NEW WORD,8bc34a,-4.355601787620977,-38.0797927826643,4,NEW WORD ,8bc34a,,2026-07-07T13:07:46Z,-1
BEBERIBE/ITAPEIM/CAIXAS/NEW WORD,8bc34a,-4.342462038556464,-38.20372190326452,4,NEW WORD ,8bc34a,,2026-07-07T18:46:07Z,-1
BEBERIBE/ITAPEIM/CAIXAS/NEW WORD,8bc34a,-4.352337599019677,-38.11669796705246,4,NEW WORD ,8bc34a,,2026-07-07T16:49:32Z,-1
BEBERIBE/ITAPEIM/CAIXAS/NEW WORD,8bc34a,-4.342040134615677,-38.16353537142277,4,NEW WORD ,8bc34a,,2026-07-07T19:06:55Z,-1
BEBERIBE/ITAPEIM/CAIXAS/NEW WORD,8bc34a,-4.35617278515496,-38.11710700392723,4,NEW WORD ,8bc34a,,2026-07-07T16:45:53Z,-1
BEBERIBE/ITAPEIM/CAIXAS/NEW WORD,8bc34a,-4.349395671725804,-38.09367422014475,4,NEW WORD ,8bc34a,,2026-07-07T13:03:41Z,-1
BEBERIBE/ITAPEIM/CAIXAS/NEW WORD,8bc34a,-4.2836208870840045,-38.14161870628595,5,NEW WORD ,8bc34a,,2026-07-06T17:54:17Z,-1
BEBERIBE/ITAPEIM/CAIXAS/NEW WORD,8bc34a,-4.283710824415512,-38.14463518559933,5,NEW WORD ,8bc34a,,2026-07-06T17:55:19Z,-1
BEBERIBE/ITAPEIM/CAIXAS/NEW WORD,8bc34a,-4.364047024246188,-38.08789774775505,5,NEW WORD ,8bc34a,,2026-07-07T16:23:56Z,-1
BEBERIBE/ITAPEIM/CAIXAS/NEW WORD,8bc34a,-4.365401288770744,-38.08517664670944,5,NEW WORD ,8bc34a,,2026-07-07T16:16:57Z,-1
BEBERIBE/ITAPEIM/CAIXAS/NEW WORD,8bc34a,-4.342279503282985,-38.20578385144472,5,NEW WORD ,8bc34a,,2026-07-07T18:43:53Z,-1
BEBERIBE/ITAPEIM/CAIXAS/NEW WORD,8bc34a,-4.368161961637554,-38.082721419632435,5,NEW WORD ,8bc34a,,2026-07-07T14:43:17Z,-1
BEBERIBE/ITAPEIM/CAIXAS/NEW WORD,8bc34a,-4.349430440024557,-38.19577217102051,5,NEW WORD ,8bc34a,,2026-07-07T17:53:48Z,-1
BEBERIBE/ITAPEIM/CAIXAS/NEW WORD,8bc34a,-4.360778860646551,-38.20554547011852,5,NEW WORD ,8bc34a,,2026-07-07T17:42:41Z,-1
BEBERIBE/ITAPEIM/CAIXAS/NEW WORD,8bc34a,-4.350504913389268,-38.09385124593973,5,NEW WORD ,8bc34a,,2026-07-07T13:03:04Z,-1
BEBERIBE/ITAPEIM/CAIXAS/NEW WORD,8bc34a,-4.355068900772625,-38.19284453988075,5,NEW WORD ,8bc34a,,2026-07-07T17:26:49Z,-1
BEBERIBE/ITAPEIM/CAIXAS/NEW WORD,8bc34a,-4.352414155837854,-38.116849176585674,5,NEW WORD ,8bc34a,,2026-07-07T16:49:14Z,-1
BEBERIBE/ITAPEIM/CAIXAS/NEW WORD,8bc34a,-4.359829766691644,-38.202956803143024,6,NEW WORD ,8bc34a,,2026-07-07T17:41:19Z,-1
BEBERIBE/ITAPEIM/CAIXAS/NEW WORD,8bc34a,-4.344819280400481,-38.1583634018898,6,NEW WORD ,8bc34a,,2026-07-07T19:13:31Z,-1
BEBERIBE/ITAPEIM/CAIXAS/NEW WORD,8bc34a,-4.350852261482669,-38.19573428481817,6,NEW WORD ,8bc34a,,2026-07-07T17:52:10Z,-1
BEBERIBE/ITAPEIM/CAIXAS/NEW WORD,8bc34a,-4.343230959553356,-38.163463957607746,6,NEW WORD ,8bc34a,,2026-07-07T19:06:19Z,-1
BEBERIBE/ITAPEIM/CAIXAS/NEW WORD,8bc34a,-4.3548101462948114,-38.082481026649475,6,NEW WORD ,8bc34a,,2026-07-07T13:06:46Z,-1
BEBERIBE/ITAPEIM/CAIXAS/NEW WORD,8bc34a,-4.356586657803841,-38.17408751696348,6,NEW WORD ,8bc34a,,2026-07-07T17:17:30Z,-1
BEBERIBE/ITAPEIM/CAIXAS/NEW WORD,8bc34a,-4.3439560847667344,-38.1977878510952,6,NEW WORD ,8bc34a,,2026-07-07T18:08:18Z,-1
BEBERIBE/ITAPEIM/CAIXAS/NEW WORD,8bc34a,-4.3422500836743385,-38.2022949680686,7,NEW WORD ,8bc34a,,2026-07-07T18:46:59Z,-1
BEBERIBE/ITAPEIM/CAIXAS/NEW WORD,8bc34a,-4.355462715556425,-38.07861898094416,7,NEW WORD ,8bc34a,,2026-07-07T13:09:03Z,-1
BEBERIBE/ITAPEIM/CAIXAS/NEW WORD,8bc34a,-4.357755729798893,-38.11783153563738,8,NEW WORD ,8bc34a,,2026-07-07T16:52:20Z,-1
BEBERIBE/ITAPEIM/CAIXAS/NEW WORD,8bc34a,-4.352871156420201,-38.11683610081673,8,NEW WORD ,8bc34a,,2026-07-07T16:49:00Z,-1
BEBERIBE/ITAPEIM/CAIXAS/NEW WORD,8bc34a,-4.3670701297707915,-38.08167267590761,8,NEW WORD ,8bc34a,,2026-07-07T14:40:30Z,-1
BEBERIBE/ITAPEIM/CAIXAS/NEW WORD,8bc34a,-4.356142028858555,-38.07663515210152,8,NEW WORD ,8bc34a,,2026-07-07T13:09:30Z,-1
BEBERIBE/ITAPEIM/CAIXAS/NEW WORD,8bc34a,-4.35557704884215,-38.08123279362917,9,NEW WORD ,8bc34a,,2026-07-07T13:07:18Z,-1
BEBERIBE/ITAPEIM/CAIXAS/NEW WORD,8bc34a,-4.285882356402718,-38.131735771894455,12,NEW WORD,8bc34a,,2026-07-06T17:50:21Z,-1
BEBERIBE/ITAPEIM/CAIXAS/NEW WORD,8bc34a,-4.344847028345984,-38.16336169838905,16,NEW WORD ,8bc34a,,2026-07-06T18:47:59Z,-1
BEBERIBE/ITAPEIM/CAIXAS/NOVANET,ffaf50,-4.219156852134517,-38.16425755620003,4,NOVANET ,ffaf50,,2026-07-08T16:30:21Z,-1
BEBERIBE/ITAPEIM/CAIXAS/NOVANET,ffaf50,-4.233389743223158,-38.16021479666233,7,NOVANET ,ffaf50,,2026-07-08T16:26:35Z,-1
BEBERIBE/ITAPEIM/CAIXAS/NOVANET,ffaf50,-4.234646940948417,-38.16035259515047,9,NOVANET ,ffaf50,,2026-07-08T16:24:31Z,-1
BEBERIBE/ITAPEIM/CAIXAS/NOVANET,ffaf50,-4.233528168817428,-38.161162957549095,16,NOVANET ,ffaf50,,2026-07-08T16:23:10Z,-1
BEBERIBE/ITAPEIM/CAIXAS/PROVEDOR NET /FIBRA ,000000,-4.356151723778211,-38.11711773276329,0,PROVEDOR NET,000000,,2026-07-07T16:45:42Z,-1
BEBERIBE/ITAPEIM/CAIXAS/PROVEDOR NET /FIBRA ,000000,-4.35484792311689,-38.116165548563,0,PROVEDOR NET ,000000,,2026-07-07T16:39:46Z,-1
BEBERIBE/ITAPEIM/CAIXAS/PROVEDOR NET /FIBRA ,000000,-4.354297651698189,-38.117194175720215,0,PROVEDOR NET ,000000,,2026-07-07T16:48:12Z,-1
BEBERIBE/ITAPEIM/CAIXAS/PROVEDOR NET /FIBRA ,000000,-4.35358958618221,-38.1170117855072,0,PROVEDOR NET ,000000,,2026-07-07T16:48:41Z,-1
BEBERIBE/ITAPEIM/CAIXAS/PROVEDOR NET /FIBRA ,000000,-4.355075252625606,-38.11736483126879,0,PROVEDOR NET ,000000,,2026-07-07T16:50:40Z,-1
BEBERIBE/ITAPEIM/CAIXAS/PROVEDOR NET /FIBRA ,000000,-4.24729971976101,-38.10595706105232,0,PROVEDOR NET ,000000,,2026-07-08T16:51:29Z,-1
BEBERIBE/ITAPEIM/CAIXAS/PROVEDOR NET /FIBRA ,000000,-4.247303397669853,-38.10627993196249,0,PROVEDOR NET ,000000,,2026-07-08T16:51:57Z,-1
BEBERIBE/ITAPEIM/CAIXAS/PROVEDOR NET /FIBRA ,000000,-4.356363006134137,-38.11755862087011,1,PROVEDOR NET ,000000,,2026-07-07T16:51:17Z,-1
BEBERIBE/ITAPEIM/CAIXAS/PROVEDOR NET /FIBRA ,000000,-4.250181188786829,-38.10918811708689,1,PROVEDOR NET ,000000,,2026-07-08T16:53:11Z,-1
BEBERIBE/ITAPEIM/CAIXAS/PROVEDOR NET /FIBRA ,000000,-4.356189500532913,-38.115956000983715,2,PROVEDOR NET ,000000,,2026-07-07T16:41:23Z,-1
BEBERIBE/ITAPEIM/CAIXAS/PROVEDOR NET /FIBRA ,000000,-4.254787571470233,-38.11498839408159,2,PROVEDOR NET ,000000,,2026-07-08T16:55:59Z,-1
BEBERIBE/ITAPEIM/CAIXAS/PROVEDOR NET /FIBRA ,000000,-4.254228200200068,-38.11324764043093,4,PROVEDOR NET ,000000,,2026-07-08T16:55:16Z,-1
BEBERIBE/ITAPEIM/CAIXAS/STAYNET ,ffffff,-4.234127344051057,-38.14067658036947,0,STAYNET,ffffff,,2026-07-06T14:34:37Z,-1
BEBERIBE/ITAPEIM/CAIXAS/STAYNET ,ffffff,-4.299240402141787,-38.0924316868186,0,STAYNET ,ffffff,,2026-07-06T17:13:52Z,-1
BEBERIBE/ITAPEIM/CAIXAS/STAYNET ,ffffff,-4.232125521855791,-38.14105410128832,0,STAYNET ,ffffff,,2026-07-06T14:30:41Z,-1
BEBERIBE/ITAPEIM/CAIXAS/STAYNET ,ffffff,-4.288268526933279,-38.12211334705353,0,STAYNET ,ffffff,,2026-07-06T16:46:31Z,-1
BEBERIBE/ITAPEIM/CAIXAS/STAYNET ,ffffff,-4.293124763821287,-38.1217847764492,0,STAYNET ,ffffff,,2026-07-06T16:47:37Z,-1
BEBERIBE/ITAPEIM/CAIXAS/STAYNET ,ffffff,-4.2158542972528315,-38.12267325818539,0,STAYNET ,ffffff,,2026-07-06T14:08:32Z,-1
BEBERIBE/ITAPEIM/CAIXAS/STAYNET ,ffffff,-4.231026807824544,-38.14075034111738,0,STAYNET ,ffffff,,2026-07-06T14:27:55Z,-1
BEBERIBE/ITAPEIM/CAIXAS/STAYNET ,ffffff,-4.2300879176668085,-38.14043216407299,0,STAYNET ,ffffff,,2026-07-06T14:27:41Z,-1
BEBERIBE/ITAPEIM/CAIXAS/STAYNET ,ffffff,-4.228924668631687,-38.14018305391073,0,STAYNET ,ffffff,,2026-07-06T14:26:51Z,-1
BEBERIBE/ITAPEIM/CAIXAS/STAYNET ,ffffff,-4.300579069107142,-38.09341236948967,0,STAYNET ,ffffff,,2026-07-06T17:14:33Z,-1
BEBERIBE/ITAPEIM/CAIXAS/STAYNET ,ffffff,-4.300623869609267,-38.09786852449179,0,STAYNET ,ffffff,,2026-07-06T16:58:03Z,-1
BEBERIBE/ITAPEIM/CAIXAS/STAYNET ,ffffff,-4.226045460937957,-38.14040467143059,0,STAYNET ,ffffff,,2026-07-06T14:22:34Z,-1
BEBERIBE/ITAPEIM/CAIXAS/STAYNET ,ffffff,-4.223313363482123,-38.14053609967232,0,STAYNET ,ffffff,,2026-07-06T14:17:12Z,-1
BEBERIBE/ITAPEIM/CAIXAS/STAYNET ,ffffff,-4.301768287512887,-38.097198978066444,0,STAYNET ,ffffff,,2026-07-06T16:59:20Z,-1
BEBERIBE/ITAPEIM/CAIXAS/STAYNET ,ffffff,-4.223847345347133,-38.13822738826275,0,STAYNET ,ffffff,,2026-07-06T14:16:04Z,-1
BEBERIBE/ITAPEIM/CAIXAS/STAYNET ,ffffff,-4.302358382546543,-38.09811528772116,0,STAYNET ,ffffff,,2026-07-06T16:59:38Z,-1
BEBERIBE/ITAPEIM/CAIXAS/STAYNET ,ffffff,-4.221634177038607,-38.13019685447216,0,STAYNET ,ffffff,,2026-07-06T14:12:12Z,-1
BEBERIBE/ITAPEIM/CAIXAS/STAYNET ,ffffff,-4.219877748143992,-38.12922690063715,0,STAYNET ,ffffff,,2026-07-06T14:11:07Z,-1
BEBERIBE/ITAPEIM/CAIXAS/STAYNET ,ffffff,-4.218884008201271,-38.126940317451954,0,STAYNET ,ffffff,,2026-07-06T14:10:27Z,-1
BEBERIBE/ITAPEIM/CAIXAS/STAYNET ,ffffff,-4.306069785642796,-38.09735521674156,0,STAYNET ,ffffff,,2026-07-06T17:01:17Z,-1
BEBERIBE/ITAPEIM/CAIXAS/STAYNET ,ffffff,-4.223300991950529,-38.133990839123726,1,STAYNET ,ffffff,,2026-07-06T14:14:10Z,-1
BEBERIBE/ITAPEIM/CAIXAS/STAYNET ,ffffff,-4.231559446927254,-38.138950914144516,1,STAYNET ,ffffff,,2026-07-06T14:36:50Z,-1
BEBERIBE/ITAPEIM/CAIXAS/STAYNET ,ffffff,-4.283635263684176,-38.14212262630463,1,STAYNET ,ffffff,,2026-07-06T17:54:32Z,-1
BEBERIBE/ITAPEIM/CAIXAS/STAYNET ,ffffff,-4.289145159380334,-38.12726553529501,1,STAYNET ,ffffff,,2026-07-06T17:31:47Z,-1
BEBERIBE/ITAPEIM/CAIXAS/STAYNET ,ffffff,-4.215930867733526,-38.12066864222288,1,STAYNET ,ffffff,,2026-07-06T14:05:58Z,-1
BEBERIBE/ITAPEIM/CAIXAS/STAYNET ,ffffff,-4.288865653491946,-38.12526695430279,1,STAYNET ,ffffff,,2026-07-06T16:45:04Z,-1
BEBERIBE/ITAPEIM/CAIXAS/STAYNET ,ffffff,-4.2836081821812995,-38.140978664159775,1,STAYNET ,ffffff,,2026-07-06T17:54:04Z,-1
BEBERIBE/ITAPEIM/CAIXAS/STAYNET ,ffffff,-4.298225033047748,-38.09163808822632,2,STAYNET,ffffff,,2026-07-06T17:08:20Z,-1
BEBERIBE/ITAPEIM/CAIXAS/STAYNET ,ffffff,-4.283553016153965,-38.13972271978855,2,STAYNET,ffffff,,2026-07-06T17:53:39Z,-1
BEBERIBE/ITAPEIM/CAIXAS/STAYNET ,ffffff,-4.2861976375934825,-38.125273659825325,2,STAYNET ,ffffff,,2026-07-06T16:43:51Z,-1
BEBERIBE/ITAPEIM/CAIXAS/STAYNET ,ffffff,-4.295274871643162,-38.08842647820711,2,STAYNET ,ffffff,,2026-07-06T17:09:24Z,-1
BEBERIBE/ITAPEIM/CAIXAS/STAYNET ,ffffff,-4.300098633706061,-38.099416829645634,2,STAYNET ,ffffff,,2026-07-06T16:56:23Z,-1
BEBERIBE/ITAPEIM/CAIXAS/STAYNET ,ffffff,-4.307410446576008,-38.09788428246975,2,STAYNET ,ffffff,,2026-07-06T17:02:09Z,-1
BEBERIBE/ITAPEIM/CAIXAS/STAYNET ,ffffff,-4.306932021461726,-38.09427738189697,2,STAYNET ,ffffff,,2026-07-06T17:04:08Z,-1
BEBERIBE/ITAPEIM/CAIXAS/STAYNET ,ffffff,-4.284925478864373,-38.128341771662235,3,STAYNET ,ffffff,,2026-07-06T18:06:49Z,-1
BEBERIBE/ITAPEIM/CAIXAS/STAYNET ,ffffff,-4.2885470300279405,-38.12327239662409,3,STAYNET ,ffffff,,2026-07-06T16:45:47Z,-1
BEBERIBE/ITAPEIM/CAIXAS/STAYNET ,ffffff,-4.289966290920228,-38.12931373715401,3,STAYNET ,ffffff,,2026-07-06T17:33:16Z,-1
BEBERIBE/ITAPEIM/CAIXAS/STAYNET ,ffffff,-4.218165786212903,-38.16983789205551,3,STAYNET ,ffffff,,2026-07-08T16:15:32Z,-1
BEBERIBE/ITAPEIM/CAIXAS/STAYNET ,ffffff,-4.22255602476536,-38.1686781719327,3,STAYNET ,ffffff,,2026-07-08T16:19:04Z,-1
BEBERIBE/ITAPEIM/CAIXAS/STAYNET ,ffffff,-4.289448403093341,-38.12664661556482,4,STAYNET ,ffffff,,2026-07-06T17:31:12Z,-1
BEBERIBE/ITAPEIM/CAIXAS/STAYNET ,ffffff,-4.3066872923561315,-38.09273209422827,5,STAYNET,ffffff,,2026-07-06T17:05:15Z,-1
BEBERIBE/ITAPEIM/CAIXAS/STAYNET ,ffffff,-4.288647665575003,-38.12842894345522,5,STAYNET ,ffffff,,2026-07-06T17:32:25Z,-1
BEBERIBE/ITAPEIM/CAIXAS/STAYNET ,ffffff,-4.3015770498175,-38.09465926140547,5,STAYNET ,ffffff,,2026-07-06T17:15:14Z,-1
BEBERIBE/ITAPEIM/CAIXAS/STAYNET ,ffffff,-4.285873329261725,-38.13175689429045,6,STAYNET ,ffffff,,2026-07-06T17:50:10Z,-1
BEBERIBE/ITAPEIM/CAIXAS/STAYNET ,ffffff,-4.233286425553339,-38.1622851267457,7,STAYNET ,ffffff,,2026-07-08T16:22:20Z,-1
BEBERIBE/ITAPEIM/CAIXAS/STAYNET ,ffffff,-4.233388740139059,-38.1602543592453,8,STAYNET,ffffff,,2026-07-08T16:26:26Z,-1
BEBERIBE/ITAPEIM/CAIXAS/STAYNET ,ffffff,-4.219113384357447,-38.16418144851923,8,STAYNET ,ffffff,,2026-07-08T16:30:12Z,-1
BEBERIBE/ITAPEIM/CAIXAS/STAYNET ,ffffff,-4.222402550736654,-38.16971015185118,8,STAYNET ,ffffff,,2026-07-08T16:17:01Z,-1
BEBERIBE/ITAPEIM/CAIXAS/STAYNET ,ffffff,-4.234634903958607,-38.16037505865097,9,STAYNET,ffffff,,2026-07-08T16:24:45Z,-1
BEBERIBE/ITAPEIM/CAIXAS/STAYNET ,ffffff,-4.233507438415994,-38.161154575645924,11,STAYNET ,ffffff,,2026-07-08T16:22:56Z,-1
BEBERIBE/ITAPEIM/CAIXAS/STAYNET ,ffffff,-4.233350288580651,-38.16371105611324,13,STAYNET ,ffffff,,2026-07-08T16:21:42Z,-1
BEBERIBE/ITAPEIM/CAIXAS/TIX ,ffff00,-4.225342960724475,-38.11514429748058,0,TIX ,ffff00,,2026-07-06T16:30:56Z,-1
BEBERIBE/ITAPEIM/CAIXAS/TIX ,ffff00,-4.225939467372017,-38.11739835888147,0,TIX ,ffff00,,2026-07-06T16:21:45Z,-1
BEBERIBE/ITAPEIM/CAIXAS/TIX ,ffff00,-4.223563468997529,-38.119864985346794,0,TIX ,ffff00,,2026-07-06T16:26:50Z,-1
BEBERIBE/ITAPEIM/CAIXAS/TIX ,ffff00,-4.224976831136772,-38.11838407069445,1,TIX ,ffff00,,2026-07-06T16:24:06Z,-1
BEBERIBE/ITAPEIM/CAIXAS/TIX ,ffff00,-4.2259053621836875,-38.11261732131243,2,TIX,ffff00,,2026-07-06T16:32:15Z,-1
BEBERIBE/ITAPEIM/CAIXAS/TIX ,ffff00,-4.22443281909229,-38.11897046864033,2,TIX ,ffff00,,2026-07-06T16:24:33Z,-1
BEBERIBE/ITAPEIM/CAIXAS/TIX ,ffff00,-4.225332929779165,-38.11390444636345,3,TIX ,ffff00,,2026-07-06T16:31:26Z,-1
BEBERIBE/ITAPEIM/CAIXAS/TIX ,ffff00,-4.224560546601064,-38.11788350343704,3,TIX ,ffff00,,2026-07-06T16:22:57Z,-1